2025-04-05 18:02:46,954 - INFO - Starting tic_tac_toe experiment: Minimax_AB vs Default (50 games)
2025-04-05 18:02:46,962 - INFO - tic_tac_toe - Minimax_AB vs Default Game 0: W:0, D:0, L:1
2025-04-05 18:02:47,008 - INFO - tic_tac_toe - Minimax_AB vs Default Game 10: W:7, D:0, L:4
2025-04-05 18:02:47,062 - INFO - tic_tac_toe - Minimax_AB vs Default Game 20: W:13, D:0, L:8
2025-04-05 18:02:47,104 - INFO - tic_tac_toe - Minimax_AB vs Default Game 30: W:19, D:0, L:12
2025-04-05 18:02:47,150 - INFO - tic_tac_toe - Minimax_AB vs Default Game 40: W:25, D:0, L:16
2025-04-05 18:02:47,181 - INFO - tic_tac_toe - Minimax_AB vs Default Results: {'wins': 32, 'draws': 1, 'losses': 17, 'move_times': [0.0, 0.00863337516784668, 0.0, 0.0, 0.0, 0.0, 0.0, 0.0, 0.0, 0.0, 0.0, 0.0, 0.00964212417602539, 0.0, 0.0, 0.0, 0.0, 0.0, 0.0, 0.0, 0.0, 0.006141185760498047, 0.0, 0.0, 0.0, 0.0, 0.0, 0.0, 0.0, 0.0, 0.008538484573364258, 0.0010023117065429688, 0.0006539821624755859, 0.0009386539459228516, 0.0, 0.0, 0.0, 0.0, 0.0, 0.0, 0.0, 0.0, 0.0, 0.0, 0.0, 0.0, 0.0, 0.0, 0.0, 0.0, 0.0, 0.0, 0.0, 0.0, 0.013976812362670898, 0.0, 0.0012543201446533203, 0.001878499984741211, 0.0010297298431396484, 0.0007672309875488281, 0.0, 0.0, 0.0, 0.0, 0.0, 0.0, 0.0, 0.0, 0.0, 0.0, 0.0, 0.0, 0.0, 0.0, 0.0, 0.0, 0.011830329895019531, 0.0, 0.0, 0.0011870861053466797, 0.0, 0.0, 0.0, 0.0, 0.0, 0.0, 0.0, 0.0, 0.0, 0.0, 0.0, 0.0, 0.0, 0.0, 0.0, 0.0156710147857666, 0.0011851787567138672, 0.0, 0.0010232925415039062, 0.0, 0.0019528865814208984, 0.0009958744049072266, 0.001005411148071289, 0.0, 0.0, 0.0, 0.001005411148071289, 0.0, 0.001989603042602539, 0.0, 0.001003265380859375, 0.0009996891021728516, 0.0, 0.0019981861114501953, 0.0010285377502441406, 0.000972747802734375, 0.0, 0.0, 0.0, 0.002486705780029297, 0.0, 0.0009925365447998047, 0.0, 0.0011277198791503906, 0.0020003318786621094, 0.0010063648223876953, 0.0009975433349609375, 0.0, 0.0, 0.0029985904693603516, 0.0, 0.0009996891021728516, 0.0, 0.0010004043579101562, 0.0028753280639648438, 0.0, 0.0014274120330810547, 0.0, 0.0, 0.001129150390625, 0.0, 0.0, 0.0, 0.0, 0.0, 0.0, 0.0, 0.0, 0.0, 0.0, 0.0, 0.0, 0.0, 0.0, 0.0, 0.014638662338256836, 0.0, 0.0, 0.0, 0.0, 0.0, 0.0, 0.0, 0.0, 0.0, 0.0, 0.0, 0.0, 0.0, 0.0, 0.0, 0.0, 0.0, 0.0, 0.0, 0.01576542854309082, 0.0010628700256347656, 0.0, 0.0, 0.0, 0.0, 0.0, 0.0, 0.0, 0.0, 0.0, 0.0, 0.0, 0.0, 0.0, 0.0, 0.0, 0.0, 0.0, 0.0, 0.0, 0.0, 0.015135526657104492, 0.0, 0.0, 0.0, 0.0, 0.0, 0.0, 0.0, 0.0, 0.0, 0.0, 0.0, 0.0, 0.0, 0.0, 0.0, 0.0, 0.015771150588989258, 0.0, 0.0, 0.0, 0.0, 0.0, 0.0, 0.0, 0.0, 0.0, 0.0, 0.0, 0.0, 0.0, 0.0, 0.0, 0.0, 0.0, 0.0, 0.015620946884155273, 0.0, 0.0, 0.0, 0.0, 0.0, 0.0, 0.0, 0.0, 0.0, 0.0, 0.0, 0.0, 0.0, 0.0, 0.0, 0.0, 0.0, 0.0, 0.015631675720214844, 0.0, 0.0, 0.0, 0.0, 0.0, 0.0, 0.00663304328918457, 0.0, 0.0, 0.0, 0.0, 0.0, 0.0, 0.0, 0.0, 0.0, 0.0, 0.0, 0.0, 0.0, 0.0, 0.0, 0.0, 0.0, 0.0, 0.0, 0.0, 0.0, 0.0, 0.0, 0.0, 0.0, 0.0, 0.0, 0.0, 0.0, 0.0, 0.0], 'game_times': [0.00863337516784668, 0.0, 0.00964212417602539, 0.006141185760498047, 0.0, 0.011133432388305664, 0.0, 0.0, 0.015231132507324219, 0.0036754608154296875, 0.0, 0.011830329895019531, 0.0011870861053466797, 0.0, 0.0, 0.017879486083984375, 0.004959583282470703, 0.003992557525634766, 0.00516057014465332, 0.004606962203979492, 0.004004240036010742, 0.004998683929443359, 0.0043027400970458984, 0.001129150390625, 0.0, 0.0, 0.014638662338256836, 0.0, 0.0, 0.016828298568725586, 0.0, 0.0, 0.0, 0.015135526657104492, 0.0, 0.0, 0.015771150588989258, 0.0, 0.0, 0.015620946884155273, 0.0, 0.0, 0.0, 0.015631675720214844, 0.00663304328918457, 0.0, 0.009138107299804688, 0.0, 0.0, 0.0], 'avg_move_time': 0.0007477879933884873, 'avg_game_time': 0.004558110237121582, 'win_rate': 0.64}
2025-04-05 18:02:47,197 - INFO - Starting tic_tac_toe experiment: Default vs Minimax_AB (50 games)
2025-04-05 18:02:47,198 - ERROR - Agent Minimax returned None move. Valid moves: [(1, 0), (1, 1), (2, 0), (2, 1)]
2025-04-05 18:02:47,198 - ERROR - Agent Minimax returned None move. Valid moves: [(1, 1), (2, 0)]
2025-04-05 18:02:47,198 - INFO - tic_tac_toe - Default vs Minimax_AB Game 0: W:1, D:0, L:0
2025-04-05 18:02:47,239 - ERROR - Agent Minimax returned None move. Valid moves: [(1, 1), (2, 0), (2, 1), (2, 2)]
2025-04-05 18:02:47,239 - ERROR - Agent Minimax returned None move. Valid moves: [(2, 0), (2, 1)]
2025-04-05 18:02:47,255 - ERROR - Agent Minimax returned None move. Valid moves: [(0, 2), (1, 0), (1, 1), (2, 0)]
2025-04-05 18:02:47,288 - ERROR - Agent Minimax returned None move. Valid moves: [(1, 0), (1, 2), (2, 0), (2, 1)]
2025-04-05 18:02:47,308 - ERROR - Agent Minimax returned None move. Valid moves: [(1, 2), (2, 0), (2, 1), (2, 2)]
2025-04-05 18:02:47,321 - ERROR - Agent Minimax returned None move. Valid moves: [(1, 0), (1, 1), (1, 2), (2, 2)]
2025-04-05 18:02:47,338 - INFO - tic_tac_toe - Default vs Minimax_AB Game 10: W:9, D:0, L:2
2025-04-05 18:02:47,354 - ERROR - Agent Minimax returned None move. Valid moves: [(0, 2), (1, 1), (1, 2), (2, 0)]
2025-04-05 18:02:47,385 - ERROR - Agent Minimax returned None move. Valid moves: [(0, 2), (1, 2), (2, 1), (2, 2)]
2025-04-05 18:02:47,401 - ERROR - Agent Minimax returned None move. Valid moves: [(1, 2), (2, 0), (2, 1), (2, 2)]
2025-04-05 18:02:47,433 - ERROR - Agent Minimax returned None move. Valid moves: [(1, 0), (1, 1), (1, 2), (2, 1)]
2025-04-05 18:02:47,448 - ERROR - Agent Minimax returned None move. Valid moves: [(1, 1), (1, 2), (2, 0), (2, 1)]
2025-04-05 18:02:47,448 - ERROR - Agent Minimax returned None move. Valid moves: [(1, 2), (2, 1)]
2025-04-05 18:02:47,480 - INFO - tic_tac_toe - Default vs Minimax_AB Game 20: W:17, D:0, L:4
2025-04-05 18:02:47,512 - ERROR - Agent Minimax returned None move. Valid moves: [(0, 2), (1, 0), (1, 1), (2, 2)]
2025-04-05 18:02:47,521 - ERROR - Agent Minimax returned None move. Valid moves: [(0, 2), (1, 1), (1, 2), (2, 2)]
2025-04-05 18:02:47,573 - ERROR - Agent Minimax returned None move. Valid moves: [(1, 1), (1, 2), (2, 0), (2, 1)]
2025-04-05 18:02:47,619 - ERROR - Agent Minimax returned None move. Valid moves: [(1, 0), (1, 1), (2, 0), (2, 1)]
2025-04-05 18:02:47,620 - ERROR - Agent Minimax returned None move. Valid moves: [(1, 1), (2, 0)]
2025-04-05 18:02:47,620 - INFO - tic_tac_toe - Default vs Minimax_AB Game 30: W:25, D:0, L:6
2025-04-05 18:02:47,620 - ERROR - Agent Minimax returned None move. Valid moves: [(0, 2), (1, 2), (2, 0), (2, 2)]
2025-04-05 18:02:47,636 - ERROR - Agent Minimax returned None move. Valid moves: [(0, 2), (1, 0), (2, 0), (2, 2)]
2025-04-05 18:02:47,651 - ERROR - Agent Minimax returned None move. Valid moves: [(1, 1), (2, 0), (2, 1), (2, 2)]
2025-04-05 18:02:47,673 - ERROR - Agent Minimax returned None move. Valid moves: [(1, 1), (1, 2), (2, 1), (2, 2)]
2025-04-05 18:02:47,673 - ERROR - Agent Minimax returned None move. Valid moves: [(1, 2), (2, 2)]
2025-04-05 18:02:47,699 - ERROR - Agent Minimax returned None move. Valid moves: [(0, 2), (1, 1), (1, 2), (2, 0)]
2025-04-05 18:02:47,746 - INFO - tic_tac_toe - Default vs Minimax_AB Game 40: W:32, D:0, L:9
2025-04-05 18:02:47,761 - ERROR - Agent Minimax returned None move. Valid moves: [(1, 0), (1, 1), (1, 2), (2, 1)]
2025-04-05 18:02:47,793 - ERROR - Agent Minimax returned None move. Valid moves: [(1, 0), (1, 1), (2, 1), (2, 2)]
2025-04-05 18:02:47,793 - ERROR - Agent Minimax returned None move. Valid moves: [(2, 1), (2, 2)]
2025-04-05 18:02:47,825 - ERROR - Agent Minimax returned None move. Valid moves: [(0, 2), (1, 0), (2, 0), (2, 2)]
2025-04-05 18:02:47,857 - ERROR - Agent Minimax returned None move. Valid moves: [(0, 2), (1, 1), (2, 0), (2, 1)]
2025-04-05 18:02:47,873 - INFO - tic_tac_toe - Default vs Minimax_AB Results: {'wins': 38, 'draws': 1, 'losses': 11, 'move_times': [0.0008442401885986328, 0.0, 0.0, 0.0, 0.0, 0.0, 0.0, 0.0, 0.0, 0.0, 0.023383617401123047, 0.0, 0.0009119510650634766, 0.0, 0.0, 0.0056247711181640625, 0.007911205291748047, 0.0015833377838134766, 0.0, 0.0, 0.0, 0.0, 0.0, 0.0, 0.0, 0.0, 0.0, 0.014351129531860352, 0.0018219947814941406, 0.0, 0.0, 0.0, 0.0, 0.0, 0.01761937141418457, 0.0, 0.0, 0.0, 0.0, 0.015799522399902344, 0.0, 0.0, 0.0, 0.0, 0.0, 0.0, 0.017136812210083008, 0.0009980201721191406, 0.0009737014770507812, 0.0009984970092773438, 0.0, 0.0, 0.0, 0.011006355285644531, 0.0005478858947753906, 0.0014450550079345703, 0.0, 0.0, 0.0, 0.0010061264038085938, 0.010295629501342773, 0.0, 0.0019969940185546875, 0.0, 0.0009989738464355469, 0.002161741256713867, 0.0, 0.0, 0.0, 0.0, 0.015719890594482422, 0.0, 0.0, 0.0, 0.0, 0.0, 0.015531063079833984, 0.0035347938537597656, 0.0, 0.0, 0.0, 0.012514352798461914, 0.0, 0.0, 0.0, 0.0, 0.0, 0.0, 0.0, 0.01575160026550293, 0.0, 0.0, 0.0, 0.0, 0.0, 0.0, 0.0, 0.0, 0.0, 0.016187429428100586, 0.0, 0.0, 0.0, 0.0, 0.015562772750854492, 0.0, 0.0, 0.0, 0.0, 0.0, 0.0, 0.015732288360595703, 0.0, 0.0, 0.0, 0.0, 0.0, 0.0, 0.0, 0.0, 0.015639066696166992, 0.0, 0.0, 0.0, 0.008615970611572266, 0.007611989974975586, 0.0, 0.0, 0.0, 0.0, 0.015737056732177734, 0.0006580352783203125, 0.0005056858062744141, 0.0, 0.0, 0.0, 0.0, 0.014504432678222656, 0.0, 0.0, 0.0, 0.00941610336303711, 0.0, 0.0, 0.0, 0.0, 0.0, 0.016612529754638672, 0.0, 0.002283811569213867, 0.0, 0.0, 0.006173610687255859, 0.0, 0.0, 0.0, 0.007365703582763672, 0.008062362670898438, 0.0, 0.0, 0.0, 0.0, 0.011270999908447266, 0.0, 0.0, 0.0, 0.0, 0.0, 0.0, 0.018482208251953125, 0.0, 0.0019996166229248047, 0.0, 0.0, 0.01052713394165039, 0.0, 0.002039670944213867, 0.0, 0.00099945068359375, 0.009999990463256836, 0.0, 0.001999378204345703, 0.0, 0.0, 0.0, 0.0, 0.0, 0.0, 0.0, 0.0, 0.0, 0.0, 0.0, 0.0, 0.015676259994506836, 0.0, 0.0, 0.0, 0.0, 0.0, 0.015709400177001953, 0.0, 0.0, 0.0, 0.0, 0.0, 0.0, 0.015627384185791016, 0.0, 0.006003379821777344, 0.0, 0.0, 0.0, 0.0, 0.0, 0.0, 0.01000356674194336, 0.0, 0.0, 0.0, 0.0, 0.0, 0.0, 0.015730619430541992, 0.0, 0.0, 0.0, 0.0, 0.0, 0.0, 0.0, 0.0, 0.015526533126831055, 0.0, 0.0, 0.0, 0.0, 0.015622854232788086, 0.0, 0.0, 0.0, 0.0, 0.015726804733276367, 0.0, 0.0, 0.0, 0.0, 0.01563096046447754, 0.0, 0.0, 0.0, 0.0, 0.0, 0.0, 0.012003898620605469, 0.0, 0.004002809524536133, 0.0012347698211669922, 0.0, 0.004056692123413086, 0.0, 0.0, 0.0, 0.0, 0.01060032844543457, 0.0, 0.0, 0.0, 0.0, 0.0, 0.0, 0.0, 0.0, 0.01573967933654785, 0.0, 0.0, 0.0, 0.0, 0.01612710952758789, 0.0, 0.0, 0.0, 0.0, 0.0, 0.016020536422729492, 0.0, 0.0, 0.0, 0.0, 0.015630483627319336, 0.0, 0.0, 0.0, 0.0, 0.0, 0.0, 0.0, 0.015624761581420898, 0.0], 'game_times': [0.0008442401885986328, 0.025569438934326172, 0.015119314193725586, 0.0, 0.016173124313354492, 0.01761937141418457, 0.015799522399902344, 0.020107030868530273, 0.012999296188354492, 0.013298749923706055, 0.003160715103149414, 0.015719890594482422, 0.01906585693359375, 0.012514352798461914, 0.01575160026550293, 0.0, 0.016187429428100586, 0.015562772750854492, 0.015732288360595703, 0.015639066696166992, 0.01622796058654785, 0.01690077781677246, 0.014504432678222656, 0.00941610336303711, 0.01889634132385254, 0.006173610687255859, 0.01542806625366211, 0.011270999908447266, 0.02048182487487793, 0.012566804885864258, 0.013983488082885742, 0.0, 0.015676259994506836, 0.015709400177001953, 0.02163076400756836, 0.01000356674194336, 0.015730619430541992, 0.0, 0.015526533126831055, 0.015622854232788086, 0.015726804733276367, 0.01563096046447754, 0.017241477966308594, 0.004056692123413086, 0.01060032844543457, 0.01573967933654785, 0.01612710952758789, 0.016020536422729492, 0.015630483627319336, 0.015624761581420898], 'avg_move_time': 0.002250015934972859, 'avg_game_time': 0.013500266075134278, 'win_rate': 0.76}
2025-04-05 18:02:47,873 - INFO - Starting tic_tac_toe experiment: Minimax_noAB vs Default (50 games)
2025-04-05 18:02:47,875 - INFO - tic_tac_toe - Minimax_noAB vs Default Game 0: W:1, D:0, L:0
2025-04-05 18:02:47,927 - INFO - tic_tac_toe - Minimax_noAB vs Default Game 10: W:8, D:1, L:2
2025-04-05 18:02:47,973 - INFO - tic_tac_toe - Minimax_noAB vs Default Game 20: W:15, D:1, L:5
2025-04-05 18:02:48,018 - INFO - tic_tac_toe - Minimax_noAB vs Default Game 30: W:20, D:1, L:10
2025-04-05 18:02:48,065 - INFO - tic_tac_toe - Minimax_noAB vs Default Game 40: W:27, D:1, L:13
2025-04-05 18:02:48,097 - INFO - tic_tac_toe - Minimax_noAB vs Default Results: {'wins': 33, 'draws': 1, 'losses': 16, 'move_times': [0.001939535140991211, 0.0, 0.0, 0.0, 0.0, 0.0, 0.0, 0.0, 0.0, 0.0, 0.0, 0.0, 0.0, 0.0, 0.0, 0.013004541397094727, 0.0, 0.0, 0.0, 0.0, 0.0, 0.0, 0.0, 0.0, 0.0, 0.009336471557617188, 0.0, 0.0, 0.0, 0.0, 0.0, 0.008103132247924805, 0.0, 0.0, 0.0, 0.0, 0.0, 0.0, 0.0, 0.0, 0.0, 0.0, 0.0, 0.0, 0.0, 0.0, 0.0, 0.0, 0.0, 0.0, 0.014101028442382812, 0.0010595321655273438, 0.0006444454193115234, 0.0011327266693115234, 0.0, 0.0022335052490234375, 0.0, 0.0011112689971923828, 0.0011172294616699219, 0.0, 0.0, 0.0022253990173339844, 0.0010018348693847656, 0.0010020732879638672, 0.0, 0.0, 0.0030002593994140625, 0.0, 0.0009999275207519531, 0.0010569095611572266, 0.0004909038543701172, 0.0, 0.002140045166015625, 0.0, 0.0009913444519042969, 0.0009965896606445312, 0.0, 0.0020101070404052734, 0.0009875297546386719, 0.001010894775390625, 0.0, 0.0, 0.0, 0.0030024051666259766, 0.0, 0.000990152359008789, 0.0, 0.0010056495666503906, 0.0020105838775634766, 0.0008819103240966797, 0.0012371540069580078, 0.0, 0.0, 0.0, 0.0, 0.0, 0.0, 0.0, 0.0, 0.0, 0.0, 0.0, 0.0, 0.0, 0.0, 0.0, 0.0, 0.0, 0.0, 0.0, 0.0, 0.0, 0.0, 0.015646696090698242, 0.0, 0.0, 0.0, 0.0036079883575439453, 0.0, 0.0, 0.0, 0.0, 0.0, 0.0, 0.0, 0.0, 0.0, 0.0, 0.0, 0.0, 0.012616872787475586, 0.0007905960083007812, 0.0, 0.0, 0.0, 0.0, 0.0, 0.0, 0.0, 0.0, 0.0, 0.0, 0.0, 0.0, 0.0, 0.0, 0.0, 0.0, 0.0, 0.0, 0.0, 0.0, 0.0, 0.0, 0.0, 0.0, 0.01564812660217285, 0.0, 0.0, 0.0, 0.0, 0.0, 0.0, 0.0, 0.0, 0.0, 0.0, 0.0, 0.0, 0.0, 0.0, 0.0, 0.0, 0.0, 0.0, 0.015503406524658203, 0.0, 0.0, 0.0, 0.0, 0.0, 0.0, 0.0, 0.0, 0.0, 0.0, 0.0, 0.0, 0.0, 0.0, 0.0, 0.0, 0.0, 0.0, 0.01639580726623535, 0.0, 0.0, 0.0, 0.0, 0.0, 0.0, 0.0, 0.0, 0.0, 0.0, 0.0, 0.0, 0.0, 0.0, 0.0, 0.0, 0.015113115310668945, 0.0, 0.0, 0.0, 0.0, 0.0033822059631347656, 0.0, 0.0, 0.0, 0.0, 0.0, 0.0, 0.0, 0.0, 0.0, 0.0, 0.0, 0.012535810470581055, 0.0, 0.0, 0.0, 0.0, 0.0, 0.0, 0.0, 0.0, 0.008011579513549805, 0.0, 0.0, 0.0, 0.0, 0.0, 0.0, 0.0, 0.0, 0.0, 0.00811314582824707, 0.0, 0.0, 0.0, 0.0, 0.0, 0.0, 0.0, 0.0, 0.0, 0.0, 0.0, 0.0, 0.0, 0.0, 0.0, 0.0, 0.0, 0.0, 0.0, 0.0, 0.015636920928955078, 0.0, 0.0, 0.0, 0.0, 0.0, 0.0, 0.0, 0.0, 0.0, 0.0, 0.0, 0.0, 0.0, 0.0, 0.0], 'game_times': [0.001939535140991211, 0.0, 0.0, 0.013004541397094727, 0.009336471557617188, 0.0, 0.008103132247924805, 0.0, 0.0, 0.016937732696533203, 0.004462003707885742, 0.004229307174682617, 0.005548000335693359, 0.004127979278564453, 0.00400853157043457, 0.004998207092285156, 0.004129648208618164, 0.0, 0.0, 0.0, 0.019254684448242188, 0.0, 0.0, 0.013407468795776367, 0.0, 0.0, 0.0, 0.01564812660217285, 0.0, 0.0, 0.015503406524658203, 0.0, 0.0, 0.0, 0.01639580726623535, 0.0, 0.0, 0.015113115310668945, 0.0033822059631347656, 0.0, 0.012535810470581055, 0.0, 0.008011579513549805, 0.00811314582824707, 0.0, 0.0, 0.0, 0.015636920928955078, 0.0, 0.0], 'avg_move_time': 0.0007881245142977003, 'avg_game_time': 0.0044765472412109375, 'win_rate': 0.66}
2025-04-05 18:02:48,097 - INFO - Starting tic_tac_toe experiment: Default vs Minimax_noAB (50 games)
2025-04-05 18:02:48,113 - INFO - tic_tac_toe - Default vs Minimax_noAB Game 0: W:1, D:0, L:0
2025-04-05 18:02:48,173 - ERROR - Agent Minimax returned None move. Valid moves: [(1, 0), (1, 2), (2, 1), (2, 2)]
2025-04-05 18:02:48,237 - ERROR - Agent Minimax returned None move. Valid moves: [(0, 2), (1, 0), (1, 2), (2, 1)]
2025-04-05 18:02:48,252 - INFO - tic_tac_toe - Default vs Minimax_noAB Game 10: W:10, D:0, L:1
2025-04-05 18:02:48,268 - ERROR - Agent Minimax returned None move. Valid moves: [(1, 0), (1, 1), (1, 2), (2, 2)]
2025-04-05 18:02:48,301 - ERROR - Agent Minimax returned None move. Valid moves: [(1, 0), (1, 1), (2, 0), (2, 1)]
2025-04-05 18:02:48,301 - ERROR - Agent Minimax returned None move. Valid moves: [(1, 1), (2, 0)]
2025-04-05 18:02:48,381 - ERROR - Agent Minimax returned None move. Valid moves: [(0, 2), (1, 2), (2, 0), (2, 2)]
2025-04-05 18:02:48,381 - INFO - tic_tac_toe - Default vs Minimax_noAB Game 20: W:19, D:0, L:2
2025-04-05 18:02:48,442 - ERROR - Agent Minimax returned None move. Valid moves: [(0, 2), (1, 0), (1, 2), (2, 2)]
2025-04-05 18:02:48,458 - ERROR - Agent Minimax returned None move. Valid moves: [(1, 0), (1, 2), (2, 0), (2, 2)]
2025-04-05 18:02:48,489 - ERROR - Agent Minimax returned None move. Valid moves: [(0, 2), (1, 1), (2, 0), (2, 1)]
2025-04-05 18:02:48,521 - ERROR - Agent Minimax returned None move. Valid moves: [(1, 2), (2, 0), (2, 1), (2, 2)]
2025-04-05 18:02:48,521 - INFO - tic_tac_toe - Default vs Minimax_noAB Game 30: W:27, D:0, L:4
2025-04-05 18:02:48,537 - ERROR - Agent Minimax returned None move. Valid moves: [(1, 1), (2, 0), (2, 1), (2, 2)]
2025-04-05 18:02:48,552 - ERROR - Agent Minimax returned None move. Valid moves: [(1, 1), (2, 0), (2, 1), (2, 2)]
2025-04-05 18:02:48,552 - ERROR - Agent Minimax returned None move. Valid moves: [(2, 0), (2, 2)]
2025-04-05 18:02:48,574 - ERROR - Agent Minimax returned None move. Valid moves: [(1, 1), (1, 2), (2, 1), (2, 2)]
2025-04-05 18:02:48,574 - ERROR - Agent Minimax returned None move. Valid moves: [(1, 2), (2, 2)]
2025-04-05 18:02:48,599 - ERROR - Agent Minimax returned None move. Valid moves: [(1, 1), (1, 2), (2, 1), (2, 2)]
2025-04-05 18:02:48,599 - ERROR - Agent Minimax returned None move. Valid moves: [(2, 1), (2, 2)]
2025-04-05 18:02:48,647 - INFO - tic_tac_toe - Default vs Minimax_noAB Game 40: W:35, D:1, L:5
2025-04-05 18:02:48,679 - ERROR - Agent Minimax returned None move. Valid moves: [(0, 2), (1, 0), (1, 1), (2, 2)]
2025-04-05 18:02:48,679 - ERROR - Agent Minimax returned None move. Valid moves: [(1, 0), (1, 1), (2, 1), (2, 2)]
2025-04-05 18:02:48,710 - ERROR - Agent Minimax returned None move. Valid moves: [(0, 2), (1, 0), (1, 2), (2, 0)]
2025-04-05 18:02:48,726 - ERROR - Agent Minimax returned None move. Valid moves: [(1, 1), (1, 2), (2, 1), (2, 2)]
2025-04-05 18:02:48,726 - ERROR - Agent Minimax returned None move. Valid moves: [(2, 1), (2, 2)]
2025-04-05 18:02:48,757 - ERROR - Agent Minimax returned None move. Valid moves: [(0, 2), (1, 1), (2, 0), (2, 1)]
2025-04-05 18:02:48,774 - INFO - tic_tac_toe - Default vs Minimax_noAB Results: {'wins': 40, 'draws': 1, 'losses': 9, 'move_times': [0.0, 0.015645503997802734, 0.0, 0.0, 0.0, 0.0, 0.015603303909301758, 0.0, 0.0, 0.0, 0.0, 0.017017602920532227, 0.0, 0.0, 0.0, 0.0, 0.013946294784545898, 0.0, 0.0, 0.0, 0.0, 0.014148235321044922, 0.0, 0.0, 0.0, 0.0, 0.0, 0.0, 0.013934135437011719, 0.0, 0.0, 0.0, 0.0, 0.0, 0.0, 0.001734018325805664, 0.0, 0.00099945068359375, 0.009999513626098633, 0.0, 0.0019998550415039062, 0.0, 0.0, 0.011039495468139648, 0.0, 0.001996278762817383, 0.0, 0.0, 0.006377220153808594, 0.0, 0.0, 0.0, 0.0, 0.0, 0.015736818313598633, 0.0, 0.0, 0.0, 0.0, 0.0, 0.01562809944152832, 0.0, 0.0, 0.0, 0.0, 0.0, 0.005608320236206055, 0.0, 0.0, 0.0, 0.0, 0.010608434677124023, 0.0, 0.0, 0.0, 0.0, 0.016452789306640625, 0.0, 0.0, 0.0, 0.0, 0.0, 0.0, 0.0, 0.0, 0.01584768295288086, 0.0, 0.0, 0.0, 0.0, 0.015107870101928711, 0.0, 0.0, 0.0, 0.0, 0.0, 0.0, 0.015741348266601562, 0.0, 0.0, 0.0, 0.0, 0.0, 0.0, 0.0, 0.016725540161132812, 0.0, 0.009604692459106445, 0.0, 0.0, 0.007674694061279297, 0.0, 0.0, 0.0, 0.0, 0.0, 0.013617992401123047, 0.0, 0.0, 0.0, 0.0, 0.015630722045898438, 0.0022962093353271484, 0.0, 0.0, 0.0, 0.0, 0.0, 0.011532068252563477, 0.0, 0.0, 0.0, 0.0, 0.0, 0.0, 0.0, 0.015741825103759766, 0.0, 0.0, 0.0, 0.0, 0.0, 0.015630483627319336, 0.0, 0.0, 0.0, 0.0, 0.0, 0.0, 0.01884913444519043, 0.0, 0.0, 0.0, 0.0, 0.012607336044311523, 0.0, 0.0, 0.0, 0.0, 0.0, 0.01574110984802246, 0.0, 0.0, 0.0, 0.0, 0.0, 0.0, 0.015519142150878906, 0.0, 0.0, 0.0, 0.0, 0.0, 0.0, 0.0, 0.0, 0.0, 0.016287803649902344, 0.0, 0.0, 0.0, 0.0, 0.0, 0.0, 0.015003442764282227, 0.0, 0.0, 0.0, 0.0, 0.0, 0.0, 0.0, 0.015630006790161133, 0.0, 0.006002902984619141, 0.0, 0.0, 0.0, 0.0, 0.0, 0.0, 0.010003089904785156, 0.0, 0.0, 0.0, 0.0, 0.0, 0.01574254035949707, 0.0, 0.0, 0.0, 0.0, 0.0, 0.0, 0.0, 0.0, 0.0, 0.015621662139892578, 0.0, 0.0, 0.0, 0.0, 0.0, 0.0, 0.0, 0.021195650100708008, 0.0, 0.0, 0.0, 0.0, 0.010504007339477539, 0.0, 0.0, 0.0, 0.0, 0.015630006790161133, 0.0, 0.0, 0.0, 0.0, 0.011614561080932617, 0.004608154296875, 0.0, 0.0, 0.0, 0.0, 0.0, 0.0, 0.0, 0.0, 0.0, 0.0, 0.015731334686279297, 0.0, 0.0, 0.0, 0.0, 0.0, 0.015634536743164062, 0.0, 0.0, 0.0, 0.0, 0.0, 0.015616416931152344, 0.0, 0.0, 0.0, 0.0, 0.0, 0.0, 0.0, 0.017352819442749023, 0.0, 0.0, 0.0, 0.0, 0.014003992080688477, 0.0, 0.0, 0.0, 0.0, 0.0, 0.015630483627319336, 0.0, 0.0015044212341308594, 0.0], 'game_times': [0.015645503997802734, 0.015603303909301758, 0.017017602920532227, 0.013946294784545898, 0.014148235321044922, 0.013934135437011719, 0.016837358474731445, 0.012998819351196289, 0.013035774230957031, 0.006377220153808594, 0.015736818313598633, 0.01562809944152832, 0.005608320236206055, 0.010608434677124023, 0.016452789306640625, 0.01584768295288086, 0.015107870101928711, 0.015741348266601562, 0.0, 0.026330232620239258, 0.007674694061279297, 0.013617992401123047, 0.020164012908935547, 0.011532068252563477, 0.0, 0.015741825103759766, 0.015630483627319336, 0.01884913444519043, 0.012607336044311523, 0.01574110984802246, 0.015519142150878906, 0.0, 0.016287803649902344, 0.015003442764282227, 0.021632909774780273, 0.010003089904785156, 0.01574254035949707, 0.015621662139892578, 0.0, 0.021195650100708008, 0.010504007339477539, 0.015630006790161133, 0.016222715377807617, 0.0, 0.015731334686279297, 0.015634536743164062, 0.015616416931152344, 0.017352819442749023, 0.014003992080688477, 0.017134904861450195], 'avg_move_time': 0.002298470573558209, 'avg_game_time': 0.013540029525756836, 'win_rate': 0.8}
2025-04-05 18:02:49,037 - INFO - Starting tic_tac_toe experiment: Q1 vs Default (50 games)
2025-04-05 18:02:49,294 - INFO - tic_tac_toe - Q1 vs Default Game 0: W:1, D:0, L:0
2025-04-05 18:02:51,941 - INFO - tic_tac_toe - Q1 vs Default Game 10: W:10, D:1, L:0
2025-04-05 18:02:54,633 - INFO - tic_tac_toe - Q1 vs Default Game 20: W:17, D:4, L:0
2025-04-05 18:02:58,169 - INFO - tic_tac_toe - Q1 vs Default Game 30: W:26, D:4, L:1
2025-04-05 18:03:00,786 - INFO - tic_tac_toe - Q1 vs Default Game 40: W:35, D:5, L:1
2025-04-05 18:03:03,334 - INFO - tic_tac_toe - Q1 vs Default Results: {'wins': 44, 'draws': 5, 'losses': 1, 'move_times': [], 'game_times': [0.0, 0.0, 0.0, 0.0, 0.0, 0.0, 0.0, 0.0, 0.0, 0.0, 0.0, 0.0, 0.0, 0.0, 0.0, 0.0, 0.0, 0.0, 0.0, 0.0, 0.0, 0.0, 0.0, 0.0, 0.0, 0.0, 0.0, 0.0, 0.0, 0.0, 0.0, 0.0, 0.0, 0.0, 0.0, 0.0, 0.0, 0.0, 0.0, 0.0, 0.0, 0.0, 0.0, 0.0, 0.0, 0.0, 0.0, 0.0, 0.0, 0.0], 'avg_move_time': nan, 'avg_game_time': 0.0, 'win_rate': 0.88}
2025-04-05 18:03:03,709 - INFO - Starting tic_tac_toe experiment: Default vs Q2 (50 games)
2025-04-05 18:03:04,054 - INFO - tic_tac_toe - Default vs Q2 Game 0: W:0, D:1, L:0
2025-04-05 18:03:06,919 - INFO - tic_tac_toe - Default vs Q2 Game 10: W:0, D:1, L:10
2025-04-05 18:03:09,755 - INFO - tic_tac_toe - Default vs Q2 Game 20: W:1, D:1, L:19
2025-04-05 18:03:12,886 - INFO - tic_tac_toe - Default vs Q2 Game 30: W:2, D:1, L:28
2025-04-05 18:03:15,832 - INFO - tic_tac_toe - Default vs Q2 Game 40: W:2, D:1, L:38
2025-04-05 18:03:18,718 - INFO - tic_tac_toe - Default vs Q2 Results: {'wins': 3, 'draws': 2, 'losses': 45, 'move_times': [], 'game_times': [0.0, 0.0, 0.0, 0.0, 0.0, 0.0, 0.0, 0.0, 0.0, 0.0, 0.0, 0.0, 0.0, 0.0, 0.0, 0.0, 0.0, 0.0, 0.0, 0.0, 0.0, 0.0, 0.0, 0.0, 0.0, 0.0, 0.0, 0.0, 0.0, 0.0, 0.0, 0.0, 0.0, 0.0, 0.0, 0.0, 0.0, 0.0, 0.0, 0.0, 0.0, 0.0, 0.0, 0.0, 0.0, 0.0, 0.0, 0.0, 0.0, 0.0], 'avg_move_time': nan, 'avg_game_time': 0.0, 'win_rate': 0.06}
2025-04-05 18:03:18,999 - INFO - Starting tic_tac_toe experiment: Minimax_AB vs Q2 (50 games)
2025-04-05 18:03:19,244 - INFO - tic_tac_toe - Minimax_AB vs Q2 Game 0: W:0, D:0, L:1
2025-04-05 18:03:21,917 - INFO - tic_tac_toe - Minimax_AB vs Q2 Game 10: W:0, D:0, L:11
2025-04-05 18:03:24,992 - INFO - tic_tac_toe - Minimax_AB vs Q2 Game 20: W:1, D:1, L:19
2025-04-05 18:03:27,671 - INFO - tic_tac_toe - Minimax_AB vs Q2 Game 30: W:1, D:2, L:28
2025-04-05 18:03:30,603 - INFO - tic_tac_toe - Minimax_AB vs Q2 Game 40: W:1, D:3, L:37
2025-04-05 18:03:33,090 - INFO - tic_tac_toe - Minimax_AB vs Q2 Results: {'wins': 2, 'draws': 3, 'losses': 45, 'move_times': [], 'game_times': [0.0, 0.0, 0.0, 0.0, 0.0, 0.0, 0.0, 0.0, 0.0, 0.0, 0.0, 0.0, 0.0, 0.0, 0.0, 0.0, 0.0, 0.0, 0.0, 0.0, 0.0, 0.0, 0.0, 0.0, 0.0, 0.0, 0.0, 0.0, 0.0, 0.0, 0.0, 0.0, 0.0, 0.0, 0.0, 0.0, 0.0, 0.0, 0.0, 0.0, 0.0, 0.0, 0.0, 0.0, 0.0, 0.0, 0.0, 0.0, 0.0, 0.0], 'avg_move_time': nan, 'avg_game_time': 0.0, 'win_rate': 0.04}
2025-04-05 18:03:33,361 - INFO - Starting tic_tac_toe experiment: Q1 vs Minimax_AB (50 games)
2025-04-05 18:03:33,626 - INFO - tic_tac_toe - Q1 vs Minimax_AB Game 0: W:1, D:0, L:0
2025-04-05 18:03:36,501 - INFO - tic_tac_toe - Q1 vs Minimax_AB Game 10: W:10, D:1, L:0
2025-04-05 18:03:39,549 - INFO - tic_tac_toe - Q1 vs Minimax_AB Game 20: W:19, D:2, L:0
2025-04-05 18:03:42,177 - INFO - tic_tac_toe - Q1 vs Minimax_AB Game 30: W:28, D:3, L:0
2025-04-05 18:03:45,075 - INFO - tic_tac_toe - Q1 vs Minimax_AB Game 40: W:37, D:4, L:0
2025-04-05 18:03:47,615 - INFO - tic_tac_toe - Q1 vs Minimax_AB Results: {'wins': 45, 'draws': 4, 'losses': 1, 'move_times': [], 'game_times': [0.0, 0.0, 0.0, 0.0, 0.0, 0.0, 0.0, 0.0, 0.0, 0.0, 0.0, 0.0, 0.0, 0.0, 0.0, 0.0, 0.0, 0.0, 0.0, 0.0, 0.0, 0.0, 0.0, 0.0, 0.0, 0.0, 0.0, 0.0, 0.0, 0.0, 0.0, 0.0, 0.0, 0.0, 0.0, 0.0, 0.0, 0.0, 0.0, 0.0, 0.0, 0.0, 0.0, 0.0, 0.0, 0.0, 0.0, 0.0, 0.0, 0.0], 'avg_move_time': nan, 'avg_game_time': 0.0, 'win_rate': 0.9}
2025-04-05 18:03:47,907 - INFO - Starting tic_tac_toe experiment: Minimax_noAB vs Q2 (50 games)
2025-04-05 18:03:48,195 - INFO - tic_tac_toe - Minimax_noAB vs Q2 Game 0: W:0, D:1, L:0
2025-04-05 18:03:50,876 - INFO - tic_tac_toe - Minimax_noAB vs Q2 Game 10: W:1, D:2, L:8
2025-04-05 18:03:54,376 - INFO - tic_tac_toe - Minimax_noAB vs Q2 Game 20: W:2, D:4, L:15
2025-04-05 18:03:57,119 - INFO - tic_tac_toe - Minimax_noAB vs Q2 Game 30: W:2, D:4, L:25
2025-04-05 18:04:00,067 - INFO - tic_tac_toe - Minimax_noAB vs Q2 Game 40: W:3, D:4, L:34
2025-04-05 18:04:03,035 - INFO - tic_tac_toe - Minimax_noAB vs Q2 Results: {'wins': 4, 'draws': 5, 'losses': 41, 'move_times': [], 'game_times': [0.0, 0.0, 0.0, 0.0, 0.0, 0.0, 0.0, 0.0, 0.0, 0.0, 0.0, 0.0, 0.0, 0.0, 0.0, 0.0, 0.0, 0.0, 0.0, 0.0, 0.0, 0.0, 0.0, 0.0, 0.0, 0.0, 0.0, 0.0, 0.0, 0.0, 0.0, 0.0, 0.0, 0.0, 0.0, 0.0, 0.0, 0.0, 0.0, 0.0, 0.0, 0.0, 0.0, 0.0, 0.0, 0.0, 0.0, 0.0, 0.0, 0.0], 'avg_move_time': nan, 'avg_game_time': 0.0, 'win_rate': 0.08}
2025-04-05 18:04:03,308 - INFO - Starting tic_tac_toe experiment: Q1 vs Minimax_noAB (50 games)
2025-04-05 18:04:03,563 - INFO - tic_tac_toe - Q1 vs Minimax_noAB Game 0: W:1, D:0, L:0
2025-04-05 18:04:06,618 - INFO - tic_tac_toe - Q1 vs Minimax_noAB Game 10: W:10, D:1, L:0
2025-04-05 18:04:09,379 - INFO - tic_tac_toe - Q1 vs Minimax_noAB Game 20: W:18, D:2, L:1
2025-04-05 18:04:12,014 - INFO - tic_tac_toe - Q1 vs Minimax_noAB Game 30: W:27, D:3, L:1
2025-04-05 18:04:15,060 - INFO - tic_tac_toe - Q1 vs Minimax_noAB Game 40: W:36, D:4, L:1
2025-04-05 18:04:17,470 - INFO - tic_tac_toe - Q1 vs Minimax_noAB Results: {'wins': 44, 'draws': 5, 'losses': 1, 'move_times': [], 'game_times': [0.0, 0.0, 0.0, 0.0, 0.0, 0.0, 0.0, 0.0, 0.0, 0.0, 0.0, 0.0, 0.0, 0.0, 0.0, 0.0, 0.0, 0.0, 0.0, 0.0, 0.0, 0.0, 0.0, 0.0, 0.0, 0.0, 0.0, 0.0, 0.0, 0.0, 0.0, 0.0, 0.0, 0.0, 0.0, 0.0, 0.0, 0.0, 0.0, 0.0, 0.0, 0.0, 0.0, 0.0, 0.0, 0.0, 0.0, 0.0, 0.0, 0.0], 'avg_move_time': nan, 'avg_game_time': 0.0, 'win_rate': 0.88}
2025-04-05 18:04:17,470 - INFO - Starting tic_tac_toe experiment: Minimax_AB vs Minimax_noAB (50 games)
2025-04-05 18:04:17,470 - ERROR - Agent Minimax returned None move. Valid moves: [(1, 2), (2, 0), (2, 1), (2, 2)]
2025-04-05 18:04:17,470 - INFO - tic_tac_toe - Minimax_AB vs Minimax_noAB Game 0: W:1, D:0, L:0
2025-04-05 18:04:17,489 - ERROR - Agent Minimax returned None move. Valid moves: [(1, 2), (2, 0), (2, 1), (2, 2)]
2025-04-05 18:04:17,493 - ERROR - Agent Minimax returned None move. Valid moves: [(1, 2), (2, 0), (2, 1), (2, 2)]
2025-04-05 18:04:17,502 - ERROR - Agent Minimax returned None move. Valid moves: [(1, 2), (2, 0), (2, 1), (2, 2)]
2025-04-05 18:04:17,505 - ERROR - Agent Minimax returned None move. Valid moves: [(1, 2), (2, 0), (2, 1), (2, 2)]
2025-04-05 18:04:17,505 - ERROR - Agent Minimax returned None move. Valid moves: [(1, 2), (2, 0), (2, 1), (2, 2)]
2025-04-05 18:04:17,521 - ERROR - Agent Minimax returned None move. Valid moves: [(1, 2), (2, 0), (2, 1), (2, 2)]
2025-04-05 18:04:17,526 - ERROR - Agent Minimax returned None move. Valid moves: [(1, 2), (2, 0), (2, 1), (2, 2)]
2025-04-05 18:04:17,535 - ERROR - Agent Minimax returned None move. Valid moves: [(1, 2), (2, 0), (2, 1), (2, 2)]
2025-04-05 18:04:17,535 - ERROR - Agent Minimax returned None move. Valid moves: [(1, 2), (2, 0), (2, 1), (2, 2)]
2025-04-05 18:04:17,535 - ERROR - Agent Minimax returned None move. Valid moves: [(1, 2), (2, 0), (2, 1), (2, 2)]
2025-04-05 18:04:17,535 - INFO - tic_tac_toe - Minimax_AB vs Minimax_noAB Game 10: W:11, D:0, L:0
2025-04-05 18:04:17,553 - ERROR - Agent Minimax returned None move. Valid moves: [(1, 2), (2, 0), (2, 1), (2, 2)]
2025-04-05 18:04:17,558 - ERROR - Agent Minimax returned None move. Valid moves: [(1, 2), (2, 0), (2, 1), (2, 2)]
2025-04-05 18:04:17,564 - ERROR - Agent Minimax returned None move. Valid moves: [(1, 2), (2, 0), (2, 1), (2, 2)]
2025-04-05 18:04:17,571 - ERROR - Agent Minimax returned None move. Valid moves: [(1, 2), (2, 0), (2, 1), (2, 2)]
2025-04-05 18:04:17,577 - ERROR - Agent Minimax returned None move. Valid moves: [(1, 2), (2, 0), (2, 1), (2, 2)]
2025-04-05 18:04:17,583 - ERROR - Agent Minimax returned None move. Valid moves: [(1, 2), (2, 0), (2, 1), (2, 2)]
2025-04-05 18:04:17,583 - ERROR - Agent Minimax returned None move. Valid moves: [(1, 2), (2, 0), (2, 1), (2, 2)]
2025-04-05 18:04:17,583 - ERROR - Agent Minimax returned None move. Valid moves: [(1, 2), (2, 0), (2, 1), (2, 2)]
2025-04-05 18:04:17,598 - ERROR - Agent Minimax returned None move. Valid moves: [(1, 2), (2, 0), (2, 1), (2, 2)]
2025-04-05 18:04:17,598 - ERROR - Agent Minimax returned None move. Valid moves: [(1, 2), (2, 0), (2, 1), (2, 2)]
2025-04-05 18:04:17,598 - INFO - tic_tac_toe - Minimax_AB vs Minimax_noAB Game 20: W:21, D:0, L:0
2025-04-05 18:04:17,598 - ERROR - Agent Minimax returned None move. Valid moves: [(1, 2), (2, 0), (2, 1), (2, 2)]
2025-04-05 18:04:17,614 - ERROR - Agent Minimax returned None move. Valid moves: [(1, 2), (2, 0), (2, 1), (2, 2)]
2025-04-05 18:04:17,614 - ERROR - Agent Minimax returned None move. Valid moves: [(1, 2), (2, 0), (2, 1), (2, 2)]
2025-04-05 18:04:17,630 - ERROR - Agent Minimax returned None move. Valid moves: [(1, 2), (2, 0), (2, 1), (2, 2)]
2025-04-05 18:04:17,630 - ERROR - Agent Minimax returned None move. Valid moves: [(1, 2), (2, 0), (2, 1), (2, 2)]
2025-04-05 18:04:17,630 - ERROR - Agent Minimax returned None move. Valid moves: [(1, 2), (2, 0), (2, 1), (2, 2)]
2025-04-05 18:04:17,645 - ERROR - Agent Minimax returned None move. Valid moves: [(1, 2), (2, 0), (2, 1), (2, 2)]
2025-04-05 18:04:17,645 - ERROR - Agent Minimax returned None move. Valid moves: [(1, 2), (2, 0), (2, 1), (2, 2)]
2025-04-05 18:04:17,656 - ERROR - Agent Minimax returned None move. Valid moves: [(1, 2), (2, 0), (2, 1), (2, 2)]
2025-04-05 18:04:17,662 - ERROR - Agent Minimax returned None move. Valid moves: [(1, 2), (2, 0), (2, 1), (2, 2)]
2025-04-05 18:04:17,662 - INFO - tic_tac_toe - Minimax_AB vs Minimax_noAB Game 30: W:31, D:0, L:0
2025-04-05 18:04:17,662 - ERROR - Agent Minimax returned None move. Valid moves: [(1, 2), (2, 0), (2, 1), (2, 2)]
2025-04-05 18:04:17,677 - ERROR - Agent Minimax returned None move. Valid moves: [(1, 2), (2, 0), (2, 1), (2, 2)]
2025-04-05 18:04:17,677 - ERROR - Agent Minimax returned None move. Valid moves: [(1, 2), (2, 0), (2, 1), (2, 2)]
2025-04-05 18:04:17,677 - ERROR - Agent Minimax returned None move. Valid moves: [(1, 2), (2, 0), (2, 1), (2, 2)]
2025-04-05 18:04:17,693 - ERROR - Agent Minimax returned None move. Valid moves: [(1, 2), (2, 0), (2, 1), (2, 2)]
2025-04-05 18:04:17,693 - ERROR - Agent Minimax returned None move. Valid moves: [(1, 2), (2, 0), (2, 1), (2, 2)]
2025-04-05 18:04:17,709 - ERROR - Agent Minimax returned None move. Valid moves: [(1, 2), (2, 0), (2, 1), (2, 2)]
2025-04-05 18:04:17,709 - ERROR - Agent Minimax returned None move. Valid moves: [(1, 2), (2, 0), (2, 1), (2, 2)]
2025-04-05 18:04:17,709 - ERROR - Agent Minimax returned None move. Valid moves: [(1, 2), (2, 0), (2, 1), (2, 2)]
2025-04-05 18:04:17,724 - ERROR - Agent Minimax returned None move. Valid moves: [(1, 2), (2, 0), (2, 1), (2, 2)]
2025-04-05 18:04:17,724 - INFO - tic_tac_toe - Minimax_AB vs Minimax_noAB Game 40: W:41, D:0, L:0
2025-04-05 18:04:17,724 - ERROR - Agent Minimax returned None move. Valid moves: [(1, 2), (2, 0), (2, 1), (2, 2)]
2025-04-05 18:04:17,724 - ERROR - Agent Minimax returned None move. Valid moves: [(1, 2), (2, 0), (2, 1), (2, 2)]
2025-04-05 18:04:17,740 - ERROR - Agent Minimax returned None move. Valid moves: [(1, 2), (2, 0), (2, 1), (2, 2)]
2025-04-05 18:04:17,740 - ERROR - Agent Minimax returned None move. Valid moves: [(1, 2), (2, 0), (2, 1), (2, 2)]
2025-04-05 18:04:17,756 - ERROR - Agent Minimax returned None move. Valid moves: [(1, 2), (2, 0), (2, 1), (2, 2)]
2025-04-05 18:04:17,756 - ERROR - Agent Minimax returned None move. Valid moves: [(1, 2), (2, 0), (2, 1), (2, 2)]
2025-04-05 18:04:17,773 - ERROR - Agent Minimax returned None move. Valid moves: [(1, 2), (2, 0), (2, 1), (2, 2)]
2025-04-05 18:04:17,784 - ERROR - Agent Minimax returned None move. Valid moves: [(1, 2), (2, 0), (2, 1), (2, 2)]
2025-04-05 18:04:17,790 - ERROR - Agent Minimax returned None move. Valid moves: [(1, 2), (2, 0), (2, 1), (2, 2)]
2025-04-05 18:04:17,791 - INFO - tic_tac_toe - Minimax_AB vs Minimax_noAB Results: {'wins': 50, 'draws': 0, 'losses': 0, 'move_times': [0.0, 0.0, 0.0, 0.0, 0.0, 0.0, 0.0, 0.015743494033813477, 0.000942230224609375, 0.0015799999237060547, 0.0008764266967773438, 0.0, 0.0, 0.0, 0.003123044967651367, 0.00016927719116210938, 0.0, 0.0, 0.0, 0.0, 0.0, 0.005964994430541992, 0.002215147018432617, 0.0002486705780029297, 0.0011365413665771484, 0.0, 0.0, 0.0, 0.0031576156616210938, 0.0, 0.0, 0.0, 0.0, 0.0, 0.0, 0.0, 0.0, 0.0, 0.0, 0.0, 0.0, 0.0, 0.012349128723144531, 0.002391338348388672, 0.0001163482666015625, 0.0012619495391845703, 0.0, 0.0, 0.0, 0.0025463104248046875, 0.0012640953063964844, 0.001104116439819336, 0.0, 0.0, 0.0, 0.0, 0.0, 0.0, 0.007005214691162109, 0.0, 0.0010013580322265625, 0.00010037422180175781, 0.0, 0.0, 0.0, 0.0, 0.0, 0.0, 0.0, 0.0, 0.0, 0.0, 0.0, 0.0, 0.0, 0.0, 0.0, 0.0, 0.016149044036865234, 0.0009989738464355469, 0.0, 0.0009999275207519531, 0.0, 0.0, 0.0019998550415039062, 0.0015017986297607422, 0.0010025501251220703, 0.0010001659393310547, 0.0, 0.0, 0.0, 0.0029997825622558594, 0.0009999275207519531, 0.0010001659393310547, 0.0009999275207519531, 0.0, 0.0, 0.0, 0.003179788589477539, 0.0010194778442382812, 0.0009951591491699219, 0.001007080078125, 0.0, 0.0, 0.0, 0.002988576889038086, 0.0010077953338623047, 0.0010249614715576172, 0.00096893310546875, 0.0, 0.0, 0.0, 0.0020112991333007812, 0.0019981861114501953, 0.0010013580322265625, 0.0011701583862304688, 0.0, 0.0, 0.0, 0.0, 0.0, 0.0, 0.0, 0.0, 0.0, 0.0, 0.0, 0.0, 0.0, 0.0, 0.0, 0.0, 0.0, 0.0, 0.01562786102294922, 0.0, 0.0, 0.0, 0.0, 0.0, 0.0, 0.0, 0.0, 0.0, 0.0, 0.0, 0.0, 0.0, 0.0, 0.0, 0.0, 0.0, 0.0, 0.0, 0.015727519989013672, 0.0, 0.0, 0.0, 0.0, 0.0, 0.0, 0.0, 0.0, 0.0, 0.0, 0.0, 0.0, 0.0, 0.0, 0.0, 0.015624046325683594, 0.0, 0.0, 0.0, 0.0, 0.0, 0.0, 0.0, 0.0, 0.0, 0.0, 0.0, 0.0, 0.0, 0.0, 0.0, 0.0, 0.0, 0.0, 0.0, 0.0, 0.0, 0.0, 0.0, 0.0, 0.0, 0.0, 0.0, 0.0, 0.0, 0.0, 0.0, 0.0, 0.010607481002807617, 0.0, 0.0, 0.0, 0.0, 0.0, 0.0, 0.0056056976318359375, 0.0, 0.0, 0.0, 0.0, 0.0, 0.0, 0.0, 0.0, 0.0, 0.0, 0.0, 0.0, 0.0, 0.0, 0.0, 0.015737056732177734, 0.0, 0.0, 0.0, 0.0, 0.0, 0.0, 0.0, 0.0, 0.0, 0.0, 0.0, 0.0, 0.0, 0.0, 0.0, 0.0, 0.0, 0.0, 0.015627384185791016, 0.0, 0.0, 0.0, 0.0, 0.0, 0.0, 0.0, 0.0, 0.0, 0.0, 0.0, 0.0, 0.0, 0.0, 0.0, 0.0, 0.0, 0.0, 0.0, 0.0, 0.0, 0.0, 0.0, 0.0, 0.0, 0.0, 0.0, 0.0, 0.0, 0.0, 0.0, 0.0, 0.0, 0.0, 0.0, 0.015520572662353516, 0.0, 0.0, 0.0, 0.0, 0.0, 0.0, 0.0, 0.0, 0.0, 0.0, 0.0, 0.0, 0.0, 0.0, 0.0, 0.0, 0.0, 0.0, 0.0, 0.015732526779174805, 0.0, 0.0, 0.0, 0.0, 0.0, 0.0, 0.0, 0.0, 0.0, 0.0, 0.0, 0.0, 0.0, 0.0, 0.015622854232788086, 0.0005028247833251953, 0.0, 0.0, 0.0, 0.0, 0.0, 0.0, 0.0, 0.0, 0.0, 0.0, 0.0, 0.0, 0.016566991806030273, 0.0, 0.0, 0.0, 0.0, 0.0, 0.0, 0.0, 0.010286808013916016, 0.0, 0.0, 0.0, 0.0, 0.002954244613647461, 0.000997304916381836, 0.00099945068359375, 0.0010523796081542969, 0.0, 0.0, 0.0], 'game_times': [0.0, 0.01914215087890625, 0.0032923221588134766, 0.009628772735595703, 0.0031576156616210938, 0.0, 0.016118764877319336, 0.004914522171020508, 0.00847172737121582, 0.0, 0.0, 0.018147945404052734, 0.0055043697357177734, 0.00599980354309082, 0.006201505661010742, 0.005990266799926758, 0.006181001663208008, 0.0, 0.0, 0.01562786102294922, 0.0, 0.0, 0.015727519989013672, 0.0, 0.015624046325683594, 0.0, 0.0, 0.015624761581420898, 0.0, 0.010607481002807617, 0.0056056976318359375, 0.0, 0.015737056732177734, 0.0, 0.0, 0.015627384185791016, 0.0, 0.015621185302734375, 0.0, 0.0, 0.015520572662353516, 0.0, 0.0, 0.015732526779174805, 0.0, 0.01612567901611328, 0.0, 0.016566991806030273, 0.011333942413330078, 0.007062435150146484], 'avg_move_time': 0.0008203302110944476, 'avg_game_time': 0.006417918205261231, 'win_rate': 1.0}
2025-04-05 18:04:17,791 - INFO - Starting tic_tac_toe experiment: Minimax_noAB vs Minimax_AB (50 games)
2025-04-05 18:04:17,797 - ERROR - Agent Minimax returned None move. Valid moves: [(1, 2), (2, 0), (2, 1), (2, 2)]
2025-04-05 18:04:17,797 - INFO - tic_tac_toe - Minimax_noAB vs Minimax_AB Game 0: W:1, D:0, L:0
2025-04-05 18:04:17,803 - ERROR - Agent Minimax returned None move. Valid moves: [(1, 2), (2, 0), (2, 1), (2, 2)]
2025-04-05 18:04:17,805 - ERROR - Agent Minimax returned None move. Valid moves: [(1, 2), (2, 0), (2, 1), (2, 2)]
2025-04-05 18:04:17,816 - ERROR - Agent Minimax returned None move. Valid moves: [(1, 2), (2, 0), (2, 1), (2, 2)]
2025-04-05 18:04:17,817 - ERROR - Agent Minimax returned None move. Valid moves: [(1, 2), (2, 0), (2, 1), (2, 2)]
2025-04-05 18:04:17,817 - ERROR - Agent Minimax returned None move. Valid moves: [(1, 2), (2, 0), (2, 1), (2, 2)]
2025-04-05 18:04:17,835 - ERROR - Agent Minimax returned None move. Valid moves: [(1, 2), (2, 0), (2, 1), (2, 2)]
2025-04-05 18:04:17,838 - ERROR - Agent Minimax returned None move. Valid moves: [(1, 2), (2, 0), (2, 1), (2, 2)]
2025-04-05 18:04:17,838 - ERROR - Agent Minimax returned None move. Valid moves: [(1, 2), (2, 0), (2, 1), (2, 2)]
2025-04-05 18:04:17,851 - ERROR - Agent Minimax returned None move. Valid moves: [(1, 2), (2, 0), (2, 1), (2, 2)]
2025-04-05 18:04:17,856 - ERROR - Agent Minimax returned None move. Valid moves: [(1, 2), (2, 0), (2, 1), (2, 2)]
2025-04-05 18:04:17,856 - INFO - tic_tac_toe - Minimax_noAB vs Minimax_AB Game 10: W:11, D:0, L:0
2025-04-05 18:04:17,865 - ERROR - Agent Minimax returned None move. Valid moves: [(1, 2), (2, 0), (2, 1), (2, 2)]
2025-04-05 18:04:17,867 - ERROR - Agent Minimax returned None move. Valid moves: [(1, 2), (2, 0), (2, 1), (2, 2)]
2025-04-05 18:04:17,867 - ERROR - Agent Minimax returned None move. Valid moves: [(1, 2), (2, 0), (2, 1), (2, 2)]
2025-04-05 18:04:17,884 - ERROR - Agent Minimax returned None move. Valid moves: [(1, 2), (2, 0), (2, 1), (2, 2)]
2025-04-05 18:04:17,890 - ERROR - Agent Minimax returned None move. Valid moves: [(1, 2), (2, 0), (2, 1), (2, 2)]
2025-04-05 18:04:17,896 - ERROR - Agent Minimax returned None move. Valid moves: [(1, 2), (2, 0), (2, 1), (2, 2)]
2025-04-05 18:04:17,902 - ERROR - Agent Minimax returned None move. Valid moves: [(1, 2), (2, 0), (2, 1), (2, 2)]
2025-04-05 18:04:17,908 - ERROR - Agent Minimax returned None move. Valid moves: [(1, 2), (2, 0), (2, 1), (2, 2)]
2025-04-05 18:04:17,914 - ERROR - Agent Minimax returned None move. Valid moves: [(1, 2), (2, 0), (2, 1), (2, 2)]
2025-04-05 18:04:17,916 - ERROR - Agent Minimax returned None move. Valid moves: [(1, 2), (2, 0), (2, 1), (2, 2)]
2025-04-05 18:04:17,916 - INFO - tic_tac_toe - Minimax_noAB vs Minimax_AB Game 20: W:21, D:0, L:0
2025-04-05 18:04:17,916 - ERROR - Agent Minimax returned None move. Valid moves: [(1, 2), (2, 0), (2, 1), (2, 2)]
2025-04-05 18:04:17,931 - ERROR - Agent Minimax returned None move. Valid moves: [(1, 2), (2, 0), (2, 1), (2, 2)]
2025-04-05 18:04:17,931 - ERROR - Agent Minimax returned None move. Valid moves: [(1, 2), (2, 0), (2, 1), (2, 2)]
2025-04-05 18:04:17,931 - ERROR - Agent Minimax returned None move. Valid moves: [(1, 2), (2, 0), (2, 1), (2, 2)]
2025-04-05 18:04:17,947 - ERROR - Agent Minimax returned None move. Valid moves: [(1, 2), (2, 0), (2, 1), (2, 2)]
2025-04-05 18:04:17,956 - ERROR - Agent Minimax returned None move. Valid moves: [(1, 2), (2, 0), (2, 1), (2, 2)]
2025-04-05 18:04:17,956 - ERROR - Agent Minimax returned None move. Valid moves: [(1, 2), (2, 0), (2, 1), (2, 2)]
2025-04-05 18:04:17,966 - ERROR - Agent Minimax returned None move. Valid moves: [(1, 2), (2, 0), (2, 1), (2, 2)]
2025-04-05 18:04:17,966 - ERROR - Agent Minimax returned None move. Valid moves: [(1, 2), (2, 0), (2, 1), (2, 2)]
2025-04-05 18:04:17,980 - ERROR - Agent Minimax returned None move. Valid moves: [(1, 2), (2, 0), (2, 1), (2, 2)]
2025-04-05 18:04:17,980 - INFO - tic_tac_toe - Minimax_noAB vs Minimax_AB Game 30: W:31, D:0, L:0
2025-04-05 18:04:17,980 - ERROR - Agent Minimax returned None move. Valid moves: [(1, 2), (2, 0), (2, 1), (2, 2)]
2025-04-05 18:04:17,980 - ERROR - Agent Minimax returned None move. Valid moves: [(1, 2), (2, 0), (2, 1), (2, 2)]
2025-04-05 18:04:17,995 - ERROR - Agent Minimax returned None move. Valid moves: [(1, 2), (2, 0), (2, 1), (2, 2)]
2025-04-05 18:04:17,995 - ERROR - Agent Minimax returned None move. Valid moves: [(1, 2), (2, 0), (2, 1), (2, 2)]
2025-04-05 18:04:18,011 - ERROR - Agent Minimax returned None move. Valid moves: [(1, 2), (2, 0), (2, 1), (2, 2)]
2025-04-05 18:04:18,011 - ERROR - Agent Minimax returned None move. Valid moves: [(1, 2), (2, 0), (2, 1), (2, 2)]
2025-04-05 18:04:18,011 - ERROR - Agent Minimax returned None move. Valid moves: [(1, 2), (2, 0), (2, 1), (2, 2)]
2025-04-05 18:04:18,027 - ERROR - Agent Minimax returned None move. Valid moves: [(1, 2), (2, 0), (2, 1), (2, 2)]
2025-04-05 18:04:18,027 - ERROR - Agent Minimax returned None move. Valid moves: [(1, 2), (2, 0), (2, 1), (2, 2)]
2025-04-05 18:04:18,027 - ERROR - Agent Minimax returned None move. Valid moves: [(1, 2), (2, 0), (2, 1), (2, 2)]
2025-04-05 18:04:18,027 - INFO - tic_tac_toe - Minimax_noAB vs Minimax_AB Game 40: W:41, D:0, L:0
2025-04-05 18:04:18,042 - ERROR - Agent Minimax returned None move. Valid moves: [(1, 2), (2, 0), (2, 1), (2, 2)]
2025-04-05 18:04:18,042 - ERROR - Agent Minimax returned None move. Valid moves: [(1, 2), (2, 0), (2, 1), (2, 2)]
2025-04-05 18:04:18,058 - ERROR - Agent Minimax returned None move. Valid moves: [(1, 2), (2, 0), (2, 1), (2, 2)]
2025-04-05 18:04:18,058 - ERROR - Agent Minimax returned None move. Valid moves: [(1, 2), (2, 0), (2, 1), (2, 2)]
2025-04-05 18:04:18,058 - ERROR - Agent Minimax returned None move. Valid moves: [(1, 2), (2, 0), (2, 1), (2, 2)]
2025-04-05 18:04:18,076 - ERROR - Agent Minimax returned None move. Valid moves: [(1, 2), (2, 0), (2, 1), (2, 2)]
2025-04-05 18:04:18,090 - ERROR - Agent Minimax returned None move. Valid moves: [(1, 2), (2, 0), (2, 1), (2, 2)]
2025-04-05 18:04:18,090 - ERROR - Agent Minimax returned None move. Valid moves: [(1, 2), (2, 0), (2, 1), (2, 2)]
2025-04-05 18:04:18,090 - ERROR - Agent Minimax returned None move. Valid moves: [(1, 2), (2, 0), (2, 1), (2, 2)]
2025-04-05 18:04:18,090 - INFO - tic_tac_toe - Minimax_noAB vs Minimax_AB Results: {'wins': 50, 'draws': 0, 'losses': 0, 'move_times': [0.002110719680786133, 0.00099945068359375, 0.0009980201721191406, 0.0010025501251220703, 0.0, 0.0, 0.0, 0.003084421157836914, 0.0010056495666503906, 0.0009984970092773438, 0.001003265380859375, 0.0, 0.0, 0.0, 0.0011594295501708984, 0.0, 0.0, 0.0, 0.0, 0.0, 0.0, 0.0, 0.0, 0.0, 0.010740995407104492, 0.000659942626953125, 0.0, 0.0, 0.0009508132934570312, 0.0, 0.0, 0.0, 0.0, 0.0, 0.0, 0.0, 0.0, 0.0, 0.0, 0.0, 0.0, 0.0, 0.0, 0.015978574752807617, 0.0007855892181396484, 0.0010328292846679688, 0.0, 0.0, 0.0, 0.002103090286254883, 0.0011599063873291016, 0.0, 0.0, 0.0, 0.0, 0.0, 0.0, 0.0, 0.0, 0.0, 0.0, 0.0, 0.0, 0.01156163215637207, 0.0014219284057617188, 0.0, 0.0, 0.0, 0.0, 0.0, 0.005103588104248047, 0.0, 0.0, 0.0, 0.0, 0.0, 0.0, 0.0, 0.0, 0.0, 0.0, 0.0, 0.0, 0.0, 0.0018868446350097656, 0.0, 0.0, 0.0, 0.0, 0.0, 0.0, 0.0, 0.0, 0.0, 0.0, 0.0, 0.0, 0.0, 0.0, 0.014721870422363281, 0.0010290145874023438, 0.0, 0.0010967254638671875, 0.0, 0.0, 0.0019822120666503906, 0.001996755599975586, 0.0010068416595458984, 0.0, 0.001001596450805664, 0.0, 0.0, 0.002002239227294922, 0.0019919872283935547, 0.0010044574737548828, 0.0, 0.000997781753540039, 0.0, 0.0, 0.0025184154510498047, 0.001035451889038086, 0.0009980201721191406, 0.0009999275207519531, 0.0, 0.0, 0.0010006427764892578, 0.0019996166229248047, 0.0009999275207519531, 0.0009999275207519531, 0.0009999275207519531, 0.0, 0.0, 0.0, 0.003000020980834961, 0.0009999275207519531, 0.0010001659393310547, 0.0009996891021728516, 0.0, 0.0, 0.0, 0.0020575523376464844, 0.0, 0.0, 0.0, 0.0, 0.0, 0.0, 0.0, 0.0, 0.0, 0.0, 0.0, 0.0, 0.0, 0.0, 0.0, 0.0, 0.01573038101196289, 0.0, 0.0, 0.0, 0.0, 0.0, 0.0, 0.0, 0.0, 0.0, 0.0, 0.0, 0.0, 0.0, 0.0, 0.0, 0.0, 0.0, 0.0, 0.01562952995300293, 0.0, 0.0, 0.0, 0.0, 0.0, 0.0, 0.0, 0.0, 0.009115219116210938, 0.0, 0.0, 0.0, 0.0, 0.0, 0.0, 0.0, 0.0, 0.0, 0.0, 0.0077059268951416016, 0.0018701553344726562, 0.0, 0.0, 0.0, 0.0, 0.0, 0.0, 0.0, 0.0, 0.0, 0.0, 0.0, 0.0, 0.0, 0.0, 0.013602018356323242, 0.0007102489471435547, 0.0, 0.0, 0.0, 0.0, 0.0, 0.0, 0.0, 0.0, 0.0, 0.0, 0.0, 0.0, 0.0, 0.0, 0.0, 0.0, 0.0, 0.0, 0.015106201171875, 0.0, 0.0, 0.0, 0.0, 0.0, 0.0, 0.0, 0.0, 0.0, 0.0, 0.0, 0.0, 0.0, 0.0, 0.0, 0.0, 0.0, 0.0, 0.0, 0.0, 0.0, 0.0, 0.0, 0.0, 0.0, 0.0, 0.0, 0.0, 0.0, 0.0, 0.0, 0.0, 0.0, 0.0, 0.015617609024047852, 0.0, 0.0, 0.0, 0.0, 0.0, 0.0, 0.0, 0.0, 0.0, 0.0, 0.0, 0.0, 0.0, 0.0, 0.0, 0.0, 0.0, 0.0, 0.0, 0.01552271842956543, 0.0, 0.0, 0.0, 0.0, 0.0, 0.0, 0.0, 0.0, 0.0, 0.0, 0.0, 0.0, 0.0, 0.0, 0.014104127883911133, 0.0, 0.0021059513092041016, 0.0, 0.0, 0.0, 0.0, 0.0, 0.0, 0.0, 0.0, 0.0, 0.0, 0.0, 0.0, 0.0, 0.0, 0.0, 0.0, 0.0, 0.0, 0.015737533569335938, 0.0012912750244140625, 0.0, 0.0011272430419921875, 0.008005619049072266, 0.0, 0.0, 0.0, 0.0056078433990478516, 0.0, 0.0, 0.0, 0.0, 0.0, 0.0, 0.0, 0.0, 0.0, 0.0, 0.0, 0.0, 0.0, 0.0, 0.0, 0.0, 0.0, 0.0], 'game_times': [0.006111860275268555, 0.0060918331146240234, 0.0011594295501708984, 0.011400938034057617, 0.0009508132934570312, 0.0, 0.017796993255615234, 0.0032629966735839844, 0.0, 0.012983560562133789, 0.005103588104248047, 0.009245634078979492, 0.0018868446350097656, 0.0, 0.016847610473632812, 0.005987405776977539, 0.0059964656829833984, 0.006552457809448242, 0.004999399185180664, 0.00599980354309082, 0.0020575523376464844, 0.0, 0.01573038101196289, 0.0, 0.0, 0.01562952995300293, 0.009115219116210938, 0.0, 0.009576082229614258, 0.0, 0.014312267303466797, 0.0, 0.0, 0.015106201171875, 0.0, 0.015744686126708984, 0.0, 0.0, 0.015617609024047852, 0.0, 0.0, 0.01552271842956543, 0.0, 0.016210079193115234, 0.0, 0.0, 0.026161670684814453, 0.0056078433990478516, 0.0, 0.0], 'avg_move_time': 0.0007793658120291574, 'avg_game_time': 0.00597538948059082, 'win_rate': 1.0}
2025-04-05 18:04:18,090 - INFO - Starting connect_four experiment: Minimax_AB vs Default (50 games)
2025-04-05 18:04:18,214 - INFO - connect_four - Minimax_AB vs Default Game 0: W:1, D:0, L:0
2025-04-05 18:04:19,478 - INFO - connect_four - Minimax_AB vs Default Game 10: W:11, D:0, L:0
2025-04-05 18:04:21,121 - INFO - connect_four - Minimax_AB vs Default Game 20: W:21, D:0, L:0
2025-04-05 18:04:22,238 - INFO - connect_four - Minimax_AB vs Default Game 30: W:29, D:0, L:2
2025-04-05 18:04:23,334 - INFO - connect_four - Minimax_AB vs Default Game 40: W:37, D:0, L:4
2025-04-05 18:04:24,170 - INFO - connect_four - Minimax_AB vs Default Results: {'wins': 46, 'draws': 0, 'losses': 4, 'move_times': [0.01573324203491211, 0.0, 0.027056217193603516, 0.0, 0.0005183219909667969, 0.0, 0.02594757080078125, 0.0009930133819580078, 0.016112327575683594, 0.0, 0.0060672760009765625, 0.0, 0.031355857849121094, 0.015616178512573242, 0.0, 0.027140140533447266, 0.0, 0.02024555206298828, 0.0, 0.015514135360717773, 0.0, 0.03278946876525879, 0.007440090179443359, 0.0, 0.02444291114807129, 0.006108522415161133, 0.016376256942749023, 0.0, 0.015207052230834961, 0.0, 0.01573038101196289, 0.0, 0.03210186958312988, 0.014505147933959961, 0.0, 0.025334835052490234, 0.0, 0.006613016128540039, 0.0, 0.02217578887939453, 0.0, 0.00950479507446289, 0.0, 0.03135967254638672, 0.0, 0.016108036041259766, 0.0, 0.016474246978759766, 0.01587820053100586, 0.0, 0.015051126480102539, 0.0, 0.03125739097595215, 0.0, 0.018737077713012695, 0.0, 0.014357805252075195, 0.030807018280029297, 0.0, 0.0157315731048584, 0.0, 0.015525579452514648, 0.0, 0.015616655349731445, 0.0, 0.03125810623168945, 0.0, 0.015731096267700195, 0.015625715255737305, 0.01681995391845703, 0.028127431869506836, 0.0, 0.016228437423706055, 0.0006392002105712891, 0.0158843994140625, 0.0, 0.018561601638793945, 0.0, 0.027743816375732422, 0.0, 0.031644344329833984, 0.015725135803222656, 0.0, 0.024614334106445312, 0.0, 0.016177892684936523, 0.0, 0.0169527530670166, 0.0, 0.01608419418334961, 0.0, 0.030861377716064453, 0.0, 0.016358613967895508, 0.031080007553100586, 0.0, 0.01621079444885254, 0.0, 0.01574087142944336, 0.0, 0.015516519546508789, 0.0, 0.01562356948852539, 0.0, 0.03189492225646973, 0.019730567932128906, 0.0, 0.011610031127929688, 0.0, 0.017466306686401367, 0.0, 0.03062129020690918, 0.0, 0.015006542205810547, 0.025218486785888672, 0.0, 0.0074694156646728516, 0.01592874526977539, 0.01410222053527832, 0.0, 0.002477884292602539, 0.0, 0.03378486633300781, 0.0, 0.029510974884033203, 0.0, 0.016569852828979492, 0.030637264251708984, 0.0, 0.015831470489501953, 0.0, 0.024009227752685547, 0.0, 0.02361440658569336, 0.0, 0.015631914138793945, 0.015624523162841797, 0.0, 0.01572895050048828, 0.0, 0.015522480010986328, 0.0, 0.024245262145996094, 0.0, 0.02318096160888672, 0.0, 0.015618562698364258, 0.0, 0.019856691360473633, 0.027198076248168945, 0.0, 0.0167388916015625, 0.0, 0.014806509017944336, 0.0, 0.01634502410888672, 0.0, 0.01560664176940918, 0.0, 0.015732288360595703, 0.0, 0.015744447708129883, 0.03174185752868652, 0.0, 0.016283035278320312, 0.0, 0.014497518539428711, 0.0, 0.012722015380859375, 0.0, 0.015625715255737305, 0.0, 0.028736591339111328, 0.0, 0.018634557723999023, 0.0, 0.02085709571838379, 0.02740192413330078, 0.0, 0.015505552291870117, 0.0, 0.016743183135986328, 0.0011081695556640625, 0.014004707336425781, 0.0, 0.016605377197265625, 0.0, 0.03087782859802246, 0.0, 0.01563119888305664, 0.0, 0.02273392677307129, 0.0, 0.009116649627685547, 0.0, 0.015735387802124023, 0.0, 0.01608753204345703, 0.0, 0.015729904174804688, 0.025653839111328125, 0.0, 0.018007516860961914, 0.0, 0.01994609832763672, 0.0, 0.01550745964050293, 0.0, 0.03155660629272461, 0.0, 0.016312837600708008, 0.016721725463867188, 0.0, 0.015838623046875, 0.0, 0.015675067901611328, 0.0, 0.03213024139404297, 0.0, 0.01923346519470215, 0.0, 0.017000198364257812, 0.0, 0.019640684127807617, 0.01563262939453125, 0.0, 0.020517587661743164, 0.0, 0.01653909683227539, 0.0, 0.0167691707611084, 0.0, 0.01655268669128418, 0.0, 0.016487836837768555, 0.0, 0.030855655670166016, 0.0, 0.015619277954101562, 0.0, 0.03257918357849121, 0.0, 0.015504837036132812, 0.0, 0.016389131546020508, 0.0, 0.031217575073242188, 0.0, 0.015737533569335938, 0.0, 0.01562047004699707, 0.0, 0.0, 0.0, 0.0061380863189697266, 0.0, 0.0, 0.0, 0.0, 0.009504556655883789, 0.0, 0.02558755874633789, 0.0, 0.00611114501953125, 0.0, 0.025119304656982422, 0.0, 0.02595663070678711, 0.0, 0.02359318733215332, 0.0, 0.02199268341064453, 0.0, 0.015234231948852539, 0.015107393264770508, 0.0, 0.023627042770385742, 0.0, 0.01146697998046875, 0.0, 0.019649028778076172, 0.0, 0.011108875274658203, 0.0, 0.017386674880981445, 0.0, 0.014007329940795898, 0.015736103057861328, 0.0185391902923584, 0.0, 0.013007879257202148, 0.0, 0.016270875930786133, 0.0, 0.015004396438598633, 0.0, 0.015630245208740234, 0.016323089599609375, 0.0, 0.015602827072143555, 0.0, 0.016208887100219727, 0.0, 0.015727996826171875, 0.0, 0.03156876564025879, 0.0, 0.015631675720214844, 0.0, 0.015624761581420898, 0.0, 0.016007423400878906, 0.0, 0.015695810317993164, 0.0, 0.015666961669921875, 0.0, 0.015627145767211914, 0.0, 0.0, 0.0, 0.015623092651367188, 0.015623807907104492, 0.0, 0.016423940658569336, 0.0036041736602783203, 0.01161503791809082, 0.0, 0.0, 0.0, 0.016572237014770508, 0.0, 0.015113353729248047, 0.0, 0.015738487243652344, 0.0, 0.01562047004699707, 0.0, 0.015632152557373047, 0.0, 0.010111808776855469, 0.006811618804931641, 0.0, 0.01648545265197754, 0.0, 0.013677120208740234, 0.0, 0.008989810943603516, 0.0, 0.006356239318847656, 0.0, 0.016309499740600586, 0.0, 0.015107154846191406, 0.0, 0.016238689422607422, 0.0, 0.015611648559570312, 0.025951862335205078, 0.0, 0.0056192874908447266, 0.0, 0.015742063522338867, 0.0, 0.015614986419677734, 0.0, 0.015635013580322266, 0.0, 0.017189979553222656, 0.0, 0.015105247497558594, 0.0, 0.0007948875427246094, 0.015763521194458008, 0.0, 0.015115737915039062, 0.0, 0.016754865646362305, 0.0, 0.015111446380615234, 0.0, 0.016895294189453125, 0.0, 0.015744447708129883, 0.0, 0.015114068984985352, 0.015732288360595703, 0.0, 0.01564192771911621, 0.0, 0.015506505966186523, 0.0, 0.01623988151550293, 0.0, 0.015611886978149414, 0.0, 0.01573634147644043, 0.0, 0.015523910522460938, 0.01572895050048828, 0.0, 0.0, 0.0, 0.015623331069946289, 0.0, 0.022134065628051758, 0.0, 0.009605884552001953, 0.0, 0.0157473087310791, 0.0, 0.027615785598754883, 0.0, 0.018889188766479492, 0.013483524322509766, 0.0, 0.015004634857177734, 0.0, 0.00863194465637207, 0.0, 0.008446931838989258, 0.0, 0.016313791275024414, 0.0, 0.015137672424316406, 0.0, 0.01575946807861328, 0.0, 0.015625715255737305, 0.0, 0.020276308059692383, 0.0, 0.011134624481201172, 0.0, 0.03139758110046387, 0.0, 0.015618085861206055, 0.0, 0.015616893768310547, 0.015636682510375977, 0.0, 0.015838623046875, 0.0, 0.015753746032714844, 0.0, 0.0, 0.0, 0.015630006790161133, 0.0, 0.015629291534423828, 0.015628337860107422, 0.0, 0.015624284744262695, 0.0, 0.017267227172851562, 0.0, 0.01412653923034668, 0.0, 0.015755653381347656, 0.0, 0.01563119888305664, 0.0, 0.015619516372680664, 0.0, 0.031252145767211914, 0.015790224075317383, 0.0, 0.0, 0.0, 0.0157473087310791, 0.0, 0.015641450881958008, 0.0, 0.0156252384185791, 0.0, 0.029436111450195312, 0.0, 0.01413416862487793, 0.0011761188507080078, 0.0, 0.014634847640991211, 0.0, 0.015754222869873047, 0.0, 0.015624523162841797, 0.0, 0.015633583068847656, 0.0, 0.015614986419677734, 0.0, 0.022813796997070312, 0.0, 0.008639812469482422, 0.0157623291015625, 0.0, 0.015626192092895508, 0.0, 0.015622854232788086, 0.0, 0.015627384185791016, 0.01561880111694336, 0.0, 0.015770673751831055, 0.0, 0.01575613021850586, 0.0, 0.01562786102294922, 0.0, 0.015636920928955078, 0.0, 0.015615224838256836, 0.0, 0.015622138977050781, 0.0, 0.019277095794677734, 0.0, 0.027889013290405273, 0.01562786102294922, 0.0, 0.015622615814208984, 0.0, 0.015624761581420898, 0.0, 0.015634536743164062, 0.0, 0.023650646209716797, 0.0, 0.02379608154296875, 0.015634775161743164, 0.0, 0.0, 0.0, 0.03124094009399414, 0.0, 0.017179250717163086, 0.0, 0.018587589263916016, 0.0, 0.012414932250976562, 0.0, 0.015752792358398438, 0.0, 0.015622854232788086, 0.015624046325683594, 0.0, 0.0, 0.0, 0.021263599395751953, 0.0, 0.010137319564819336, 0.0, 0.015764713287353516, 0.0, 0.015614748001098633, 0.0, 0.01622295379638672, 0.0, 0.01575469970703125, 0.0, 0.0, 0.0, 0.026777982711791992, 0.0, 0.004629373550415039, 0.0, 0.01575446128845215, 0.0, 0.015637636184692383, 0.0, 0.015617609024047852, 0.0, 0.0, 0.01563429832458496, 0.0, 0.0, 0.017298221588134766, 0.0, 0.014136075973510742, 0.0, 0.015758752822875977, 0.0, 0.01565098762512207, 0.0, 0.0, 0.01559758186340332, 0.0, 0.015630245208740234, 0.0, 0.015619277954101562, 0.008131980895996094, 0.0076274871826171875, 0.0, 0.015753984451293945, 0.0, 0.02417922019958496, 0.0, 0.01724553108215332, 0.017042160034179688, 0.0, 0.0158236026763916, 0.0, 0.01575756072998047, 0.0, 0.022187471389770508, 0.012114524841308594, 0.0, 0.017448902130126953, 0.0010004043579101562, 0.014599800109863281, 0.0, 0.019777774810791016, 0.0, 0.011136293411254883, 0.01575922966003418, 0.0, 0.01564621925354004, 0.0, 0.01562190055847168, 0.0, 0.015606403350830078, 0.0, 0.015628814697265625, 0.0, 0.02124190330505371, 0.010538101196289062, 0.0, 0.015753984451293945, 0.0, 0.015627145767211914, 0.0, 0.015626192092895508, 0.015625476837158203, 0.0, 0.01676630973815918, 0.0, 0.01463174819946289, 0.0, 0.015766620635986328, 0.015634775161743164, 0.0, 0.015607595443725586, 0.0, 0.015623092651367188, 0.0, 0.01563262939453125, 0.0, 0.01575946807861328, 0.0, 0.015759706497192383, 0.0, 0.01562976837158203, 0.0, 0.015625, 0.0, 0.0156252384185791, 0.015626192092895508, 0.0, 0.014132022857666016, 0.0, 0.0016283988952636719, 0.0, 0.015760421752929688, 0.0, 0.02369999885559082, 0.0, 0.008002996444702148, 0.0, 0.019369840621948242, 0.0, 0.017407655715942383, 0.0, 0.009555578231811523, 0.0, 0.0051250457763671875], 'game_times': [0.12378382682800293, 0.11130547523498535, 0.11740708351135254, 0.1420755386352539, 0.09528160095214844, 0.15711569786071777, 0.13882923126220703, 0.13677430152893066, 0.1260666847229004, 0.09443473815917969, 0.14506244659423828, 0.10972428321838379, 0.1297774314880371, 0.12217187881469727, 0.15909838676452637, 0.21728134155273438, 0.1269843578338623, 0.13624000549316406, 0.28216075897216797, 0.15309929847717285, 0.2065420150756836, 0.2053084373474121, 0.07895255088806152, 0.05710291862487793, 0.11558723449707031, 0.11165332794189453, 0.11049938201904297, 0.10999274253845215, 0.12534451484680176, 0.06188082695007324, 0.14056634902954102, 0.07848834991455078, 0.14090490341186523, 0.10637450218200684, 0.10989189147949219, 0.06263875961303711, 0.1568138599395752, 0.10995650291442871, 0.1264331340789795, 0.09462738037109375, 0.10979557037353516, 0.07847833633422852, 0.11978530883789062, 0.07081079483032227, 0.07607769966125488, 0.09950447082519531, 0.05754542350769043, 0.0627901554107666, 0.14089727401733398, 0.1303081512451172], 'avg_move_time': 0.008997927787395896, 'avg_game_time': 0.12160454273223877, 'win_rate': 0.92}
2025-04-05 18:04:24,170 - INFO - Starting connect_four experiment: Default vs Minimax_AB (50 games)
2025-04-05 18:04:24,550 - INFO - connect_four - Default vs Minimax_AB Game 0: W:0, D:0, L:1
2025-04-05 18:04:26,786 - INFO - connect_four - Default vs Minimax_AB Game 10: W:0, D:0, L:11
2025-04-05 18:04:29,213 - INFO - connect_four - Default vs Minimax_AB Game 20: W:0, D:0, L:21
2025-04-05 18:04:31,536 - INFO - connect_four - Default vs Minimax_AB Game 30: W:0, D:0, L:31
2025-04-05 18:04:33,764 - INFO - connect_four - Default vs Minimax_AB Game 40: W:0, D:0, L:41
2025-04-05 18:04:36,394 - INFO - connect_four - Default vs Minimax_AB Results: {'wins': 0, 'draws': 0, 'losses': 50, 'move_times': [0.0, 0.03626561164855957, 0.0, 0.025676727294921875, 0.0, 0.03690671920776367, 0.0, 0.028940200805664062, 0.0, 0.017007112503051758, 0.0, 0.031203269958496094, 0.0, 0.031388044357299805, 0.0, 0.03138399124145508, 0.0, 0.03126335144042969, 0.0, 0.031263113021850586, 0.0, 0.03140377998352051, 0.0, 0.015610933303833008, 0.0, 0.015616893768310547, 0.0, 0.015630722045898438, 0.0, 0.03147745132446289, 0.0, 0.03138613700866699, 0.0, 0.0312504768371582, 0.0, 0.03695344924926758, 0.0, 0.016704082489013672, 0.0, 0.03125286102294922, 0.0, 0.04337191581726074, 0.0, 0.0193939208984375, 0.0, 0.04687142372131348, 0.0, 0.015629053115844727, 0.0, 0.031739234924316406, 0.0, 0.03139162063598633, 0.0, 0.0312497615814209, 0.0, 0.031392812728881836, 0.0, 0.035513877868652344, 0.0, 0.03373408317565918, 0.0, 0.023844480514526367, 0.0, 0.023903846740722656, 0.0, 0.031253814697265625, 0.0, 0.03124403953552246, 0.0, 0.015759706497192383, 0.0, 0.038251638412475586, 0.0, 0.01725029945373535, 0.0, 0.04301738739013672, 0.0, 0.019902706146240234, 0.0, 0.031256675720214844, 0.0, 0.031238079071044922, 0.0, 0.03139305114746094, 0.0, 0.03139543533325195, 0.0, 0.03123784065246582, 0.0, 0.03139233589172363, 0.0, 0.03132128715515137, 0.0, 0.03130984306335449, 0.0, 0.03077554702758789, 0.0, 0.01576519012451172, 0.0, 0.031246662139892578, 0.0, 0.031244754791259766, 0.0, 0.03140068054199219, 0.0, 0.032431840896606445, 0.0, 0.03139686584472656, 0.0, 0.030915498733520508, 0.0, 0.031380414962768555, 0.0, 0.031252384185791016, 0.0, 0.03124547004699707, 0.0, 0.03153634071350098, 0.0, 0.015614032745361328, 0.0, 0.03127098083496094, 0.0, 0.0313723087310791, 0.0, 0.03138017654418945, 0.0, 0.03126025199890137, 0.0, 0.03125405311584473, 0.0, 0.0313873291015625, 0.0, 0.031255245208740234, 0.0, 0.03773164749145508, 0.0, 0.025329113006591797, 0.0, 0.04790782928466797, 0.0, 0.030957937240600586, 0.0, 0.0465245246887207, 0.0, 0.031241178512573242, 0.0, 0.04714226722717285, 0.0, 0.031250715255737305, 0.0, 0.04701066017150879, 0.0, 0.03138566017150879, 0.0, 0.04794025421142578, 0.0, 0.03181576728820801, 0.0, 0.04686784744262695, 0.0, 0.03538393974304199, 0.0, 0.043021202087402344, 0.0, 0.031504154205322266, 0.0, 0.03265261650085449, 0.0, 0.044450998306274414, 0.0, 0.03140664100646973, 0.0, 0.047127485275268555, 0.0, 0.0312502384185791, 0.0, 0.05070781707763672, 0.0, 0.027851104736328125, 0.0, 0.04688525199890137, 0.0, 0.03153586387634277, 0.0, 0.031239986419677734, 0.0, 0.03125452995300293, 0.0, 0.03130221366882324, 0.0, 0.03138232231140137, 0.0, 0.04017138481140137, 0.0, 0.02300715446472168, 0.0, 0.03280520439147949, 0.0, 0.02974081039428711, 0.0, 0.03247785568237305, 0.0, 0.03038644790649414, 0.0, 0.03125119209289551, 0.0, 0.03125286102294922, 0.0, 0.015774965286254883, 0.0, 0.031378984451293945, 0.0, 0.031255245208740234, 0.0, 0.0313873291015625, 0.0, 0.03171086311340332, 0.0, 0.03138542175292969, 0.0, 0.03488349914550781, 0.0, 0.027881860733032227, 0.0, 0.031275033950805664, 0.0, 0.031239748001098633, 0.0, 0.015764236450195312, 0.0, 0.015767574310302734, 0.0, 0.0, 0.0, 0.03124403953552246, 0.0, 0.04275870323181152, 0.0, 0.020016908645629883, 0.0, 0.031247615814208984, 0.0, 0.03125500679016113, 0.0, 0.03143191337585449, 0.0, 0.02487015724182129, 0.0, 0.032449960708618164, 0.0, 0.03351140022277832, 0.0, 0.030396461486816406, 0.0, 0.031246423721313477, 0.0, 0.03888392448425293, 0.0, 0.023884057998657227, 0.0, 0.0316309928894043, 0.0, 0.031386375427246094, 0.0, 0.03153061866760254, 0.0, 0.031241416931152344, 0.0, 0.015628814697265625, 0.0, 0.015622138977050781, 0.0, 0.0, 0.0, 0.020033836364746094, 0.0, 0.014646530151367188, 0.0, 0.016582250595092773, 0.0, 0.03137707710266113, 0.0, 0.03788423538208008, 0.0, 0.02489161491394043, 0.0, 0.031264543533325195, 0.0, 0.031233787536621094, 0.0, 0.03152751922607422, 0.0, 0.031248807907104492, 0.0, 0.03126263618469238, 0.0, 0.031394004821777344, 0.0, 0.03136897087097168, 0.0, 0.03126192092895508, 0.0, 0.025771617889404297, 0.0, 0.02139425277709961, 0.0, 0.031247615814208984, 0.0, 0.031258583068847656, 0.0, 0.03253960609436035, 0.0, 0.029657602310180664, 0.0, 0.01574873924255371, 0.015628576278686523, 0.022762060165405273, 0.0, 0.008632898330688477, 0.0, 0.015763282775878906, 0.0, 0.015619993209838867, 0.0, 0.015624761581420898, 0.0, 0.0, 0.0, 0.031247615814208984, 0.0, 0.0315244197845459, 0.0, 0.031246185302734375, 0.0, 0.015630483627319336, 0.0, 0.03538680076599121, 0.0, 0.027410507202148438, 0.0, 0.031236648559570312, 0.0, 0.03125786781311035, 0.0, 0.03153657913208008, 0.0, 0.03125119209289551, 0.0, 0.031243562698364258, 0.0, 0.03139686584472656, 0.0, 0.032614707946777344, 0.0, 0.030765771865844727, 0.0, 0.030898332595825195, 0.0, 0.020084619522094727, 0.0, 0.032877445220947266, 0.0, 0.038837432861328125, 0.0, 0.02489161491394043, 0.0, 0.03126072883605957, 0.0, 0.03124833106994629, 0.0, 0.03200721740722656, 0.0, 0.031250953674316406, 0.0, 0.01563405990600586, 0.0, 0.04125809669494629, 0.0, 0.021887779235839844, 0.0, 0.03125143051147461, 0.0, 0.04038810729980469, 0.0, 0.022389888763427734, 0.0, 0.031256675720214844, 0.0, 0.03061962127685547, 0.0009911060333251953, 0.015225648880004883, 0.0, 0.010215282440185547, 0.0, 0.014134407043457031, 0.0, 0.0, 0.0, 0.0, 0.0, 0.03139233589172363, 0.0, 0.03125452995300293, 0.0, 0.03155684471130371, 0.0, 0.03124094009399414, 0.0, 0.03125309944152832, 0.0, 0.03141498565673828, 0.0, 0.03139066696166992, 0.0, 0.03124856948852539, 0.0, 0.025286197662353516, 0.0, 0.021899700164794922, 0.0, 0.0312497615814209, 0.0, 0.031248807907104492, 0.0, 0.03191351890563965, 0.0, 0.031240224838256836, 0.0, 0.031246662139892578, 0.0, 0.03252243995666504, 0.0, 0.030538082122802734, 0.0, 0.03138923645019531, 0.0, 0.03136873245239258, 0.0, 0.03138256072998047, 0.0, 0.031249284744262695, 0.0, 0.03438401222229004, 0.0, 0.028401613235473633, 0.0, 0.03125405311584473, 0.0, 0.031246662139892578, 0.0, 0.03154301643371582, 0.0, 0.03126239776611328, 0.0, 0.031244277954101562, 0.0, 0.031889915466308594, 0.0, 0.031249284744262695, 0.0, 0.01563262939453125, 0.0, 0.037380218505859375, 0.0, 0.02663564682006836, 0.0, 0.0467534065246582, 0.0157620906829834, 0.015757322311401367, 0.0, 0.03138375282287598, 0.0, 0.04688072204589844, 0.0, 0.031386613845825195, 0.0, 0.031380653381347656, 0.0, 0.015635013580322266, 0.0, 0.015623092651367188, 0.0, 0.03139233589172363, 0.0, 0.031388282775878906, 0.0, 0.031244993209838867, 0.0, 0.03139996528625488, 0.0, 0.015760183334350586, 0.015631437301635742, 0.015614748001098633, 0.0, 0.03125357627868652, 0.0, 0.03140115737915039, 0.0, 0.03138470649719238, 0.0, 0.0379483699798584, 0.0, 0.023100852966308594, 0.0, 0.031386375427246094, 0.0, 0.031244516372680664, 0.0, 0.0312647819519043, 0.0, 0.0315403938293457, 0.0, 0.03125357627868652, 0.0, 0.031247615814208984, 0.0, 0.03153252601623535, 0.0, 0.03125619888305664, 0.0, 0.015619754791259766, 0.0, 0.03187990188598633, 0.0, 0.03089165687561035, 0.0, 0.031255245208740234, 0.0, 0.03787803649902344, 0.0, 0.02482771873474121, 0.0, 0.03131222724914551, 0.0, 0.0328826904296875, 0.0, 0.030676603317260742, 0.0, 0.03139090538024902, 0.0, 0.03124547004699707, 0.0, 0.031397342681884766, 0.0, 0.03153419494628906, 0.0, 0.015752315521240234, 0.0, 0.03988337516784668, 0.0, 0.022890567779541016, 0.0, 0.031180620193481445, 0.01568770408630371, 0.01562809944152832, 0.0, 0.030916452407836914, 0.0, 0.04683566093444824, 0.0, 0.03126668930053711, 0.0, 0.02528095245361328, 0.0, 0.03283429145812988, 0.0, 0.031780242919921875, 0.0, 0.041414499282836914, 0.0, 0.03361988067626953, 0.0, 0.025715112686157227, 0.0, 0.03140592575073242, 0.0, 0.031258583068847656, 0.0, 0.0475468635559082, 0.0, 0.030616283416748047, 0.0010144710540771484, 0.030135631561279297, 0.0009989738464355469, 0.029572725296020508, 0.0, 0.03062891960144043, 0.0, 0.029966354370117188, 0.0, 0.03115701675415039, 0.0, 0.030352115631103516, 0.0, 0.03077244758605957, 0.0009913444519042969, 0.03132128715515137, 0.0, 0.03131866455078125, 0.0, 0.043433427810668945, 0.0008463859558105469, 0.052256107330322266, 0.0, 0.03244781494140625, 0.0010008811950683594, 0.030051469802856445, 0.0, 0.031975746154785156, 0.0, 0.02234196662902832, 0.0, 0.030899763107299805, 0.0, 0.03125286102294922, 0.0, 0.03132939338684082, 0.0, 0.031386613845825195, 0.0, 0.031253814697265625, 0.0, 0.0314021110534668, 0.0, 0.031321048736572266, 0.0, 0.031327009201049805, 0.0, 0.015610218048095703, 0.01562643051147461, 0.015759706497192383, 0.0, 0.03137993812561035, 0.0, 0.04358243942260742, 0.0, 0.025983572006225586, 0.0, 0.03154134750366211, 0.0, 0.019619226455688477, 0.0, 0.027926206588745117, 0.0, 0.03154778480529785, 0.0, 0.03748512268066406, 0.0, 0.030139923095703125, 0.0, 0.02189922332763672, 0.0, 0.031386375427246094, 0.0, 0.031249523162841797, 0.0, 0.03140687942504883, 0.007742881774902344, 0.017016172409057617, 0.0, 0.03344249725341797, 0.0, 0.03501439094543457, 0.0, 0.02740025520324707, 0.0, 0.031255245208740234, 0.0, 0.03124523162841797, 0.0, 0.032639503479003906, 0.0, 0.02423548698425293, 0.0, 0.03124690055847168, 0.0, 0.022710323333740234, 0.0, 0.024910688400268555, 0.0, 0.03124713897705078, 0.0, 0.031247854232788086, 0.0, 0.03115987777709961, 0.0, 0.03322124481201172, 0.0, 0.030905961990356445, 0.0, 0.03139090538024902, 0.0, 0.03138875961303711, 0.0, 0.03125190734863281, 0.0, 0.03152012825012207, 0.0, 0.03139758110046387, 0.0, 0.031250715255737305, 0.0, 0.03139472007751465, 0.0, 0.02491307258605957, 0.0, 0.02182769775390625, 0.0, 0.010998249053955078, 0.0, 0.0035774707794189453, 0.0, 0.031395673751831055, 0.0, 0.03153419494628906, 0.0, 0.015615701675415039, 0.0, 0.03124713897705078, 0.0, 0.031416893005371094, 0.0, 0.01730632781982422, 0.0, 0.029901981353759766, 0.0, 0.03388500213623047, 0.0, 0.028896570205688477, 0.0, 0.031250953674316406, 0.0, 0.031256914138793945, 0.0, 0.031549692153930664, 0.0, 0.031164169311523438, 0.0, 0.031252145767211914, 0.0, 0.03126382827758789, 0.0, 0.03160238265991211, 0.0, 0.039759159088134766, 0.0, 0.02280592918395996, 0.0, 0.04700899124145508, 0.0, 0.04388093948364258, 0.0, 0.03451275825500488, 0.0, 0.031252145767211914, 0.0, 0.04699826240539551, 0.0, 0.0314023494720459, 0.0, 0.0477442741394043, 0.0, 0.031529903411865234, 0.0, 0.03124523162841797, 0.0, 0.046389102935791016, 0.0, 0.0313870906829834, 0.0, 0.04687690734863281, 0.0, 0.047510385513305664, 0.0, 0.03137397766113281, 0.0, 0.04701042175292969, 0.0, 0.03139042854309082, 0.0, 0.03124070167541504, 0.0, 0.04702115058898926, 0.0, 0.03138327598571777, 0.0, 0.04731297492980957, 0.0, 0.03152751922607422, 0.0, 0.046877145767211914, 0.0, 0.046460628509521484, 0.0, 0.03130674362182617, 0.0, 0.04687857627868652, 0.0, 0.039306640625, 0.0, 0.023171663284301758, 0.015627384185791016, 0.015630483627319336], 'game_times': [0.3795604705810547, 0.2886617183685303, 0.3366563320159912, 0.14967870712280273, 0.250063419342041, 0.17348599433898926, 0.15633010864257812, 0.2725260257720947, 0.1819605827331543, 0.15678930282592773, 0.2699720859527588, 0.3112154006958008, 0.16535043716430664, 0.258075475692749, 0.2825508117675781, 0.18795418739318848, 0.4069631099700928, 0.1732335090637207, 0.15680193901062012, 0.3129115104675293, 0.17244601249694824, 0.22053742408752441, 0.24086427688598633, 0.33851027488708496, 0.18811273574829102, 0.10982513427734375, 0.21995949745178223, 0.1597738265991211, 0.2168419361114502, 0.36146044731140137, 0.26647138595581055, 0.24898648262023926, 0.17243528366088867, 0.1575772762298584, 0.2352747917175293, 0.3052644729614258, 0.19769287109375, 0.24707984924316406, 0.2143537998199463, 0.18752455711364746, 0.2617509365081787, 0.2430410385131836, 0.2939488887786865, 0.15178680419921875, 0.3118171691894531, 0.20418334007263184, 0.2821216583251953, 0.3453648090362549, 0.3133230209350586, 0.4851353168487549], 'avg_move_time': 0.015183650142517848, 'avg_game_time': 0.24448412895202637, 'win_rate': 0.0}
2025-04-05 18:04:36,394 - INFO - Starting connect_four experiment: Minimax_noAB vs Default (50 games)
2025-04-05 18:04:36,497 - INFO - connect_four - Minimax_noAB vs Default Game 0: W:1, D:0, L:0
2025-04-05 18:04:37,713 - INFO - connect_four - Minimax_noAB vs Default Game 10: W:10, D:0, L:1
2025-04-05 18:04:38,815 - INFO - connect_four - Minimax_noAB vs Default Game 20: W:18, D:0, L:3
2025-04-05 18:04:39,829 - INFO - connect_four - Minimax_noAB vs Default Game 30: W:26, D:0, L:5
2025-04-05 18:04:40,974 - INFO - connect_four - Minimax_noAB vs Default Game 40: W:35, D:0, L:6
2025-04-05 18:04:42,135 - INFO - connect_four - Minimax_noAB vs Default Results: {'wins': 43, 'draws': 0, 'losses': 7, 'move_times': [0.022261857986450195, 0.0, 0.033197641372680664, 0.0, 0.025684595108032227, 0.0010075569152832031, 0.020767688751220703, 0.015756845474243164, 0.0, 0.015762805938720703, 0.0, 0.03124523162841797, 0.0, 0.03394007682800293, 0.013544797897338867, 0.0, 0.01576375961303711, 0.0, 0.015625476837158203, 0.0, 0.015619277954101562, 0.0, 0.015628337860107422, 0.0, 0.03125572204589844, 0.0, 0.015772342681884766, 0.0, 0.03138113021850586, 0.0, 0.015625953674316406, 0.0, 0.02967667579650879, 0.0, 0.023593664169311523, 0.0, 0.01300811767578125, 0.0, 0.018821239471435547, 0.0, 0.019928455352783203, 0.0, 0.01154780387878418, 0.0, 0.031415462493896484, 0.0, 0.015753507614135742, 0.0, 0.03126025199890137, 0.0, 0.031247615814208984, 0.018260955810546875, 0.0, 0.0062372684478759766, 0.0, 0.016289234161376953, 0.0, 0.033293724060058594, 0.0, 0.015140533447265625, 0.0, 0.015758991241455078, 0.0, 0.03151440620422363, 0.0, 0.015631914138793945, 0.0, 0.015629291534423828, 0.031244993209838867, 0.0, 0.015506505966186523, 0.0, 0.01623845100402832, 0.0, 0.031340599060058594, 0.01567816734313965, 0.0, 0.0, 0.0, 0.015630006790161133, 0.0, 0.015630006790161133, 0.0, 0.010635852813720703, 0.005139589309692383, 0.0, 0.015795230865478516, 0.0, 0.015598058700561523, 0.0, 0.0156252384185791, 0.0, 0.026827573776245117, 0.0, 0.009551048278808594, 0.0, 0.015770673751831055, 0.0, 0.015759706497192383, 0.0, 0.015635251998901367, 0.015616178512573242, 0.0, 0.015619039535522461, 0.0, 0.01563119888305664, 0.0, 0.017748594284057617, 0.0, 0.013635873794555664, 0.0, 0.015764951705932617, 0.0, 0.015624284744262695, 0.015624284744262695, 0.0, 0.01562643051147461, 0.0, 0.015625476837158203, 0.0, 0.015779972076416016, 0.0, 0.015765666961669922, 0.0, 0.03261876106262207, 0.014889240264892578, 0.0, 0.015766620635986328, 0.0, 0.01577448844909668, 0.0, 0.0, 0.015790700912475586, 0.0, 0.015601158142089844, 0.0, 0.015557050704956055, 0.0, 0.015630006790161133, 0.0, 0.015685319900512695, 0.0, 0.015624523162841797, 0.0, 0.004135608673095703, 0.0, 0.011641979217529297, 0.015772342681884766, 0.0, 0.015614986419677734, 0.0, 0.015637874603271484, 0.0, 0.015614509582519531, 0.0, 0.015624284744262695, 0.0, 0.016733169555664062, 0.0, 0.01734304428100586, 0.0009853839874267578, 0.011718273162841797, 0.0, 0.016415119171142578, 0.0, 0.008934736251831055, 0.005624294281005859, 0.0, 0.01576089859008789, 0.0, 0.031397104263305664, 0.0, 0.015764713287353516, 0.015619039535522461, 0.0, 0.015620708465576172, 0.0, 0.0, 0.0, 0.015633106231689453, 0.0, 0.02366781234741211, 0.0, 0.00813436508178711, 0.0, 0.015756607055664062, 0.0, 0.015630006790161133, 0.0, 0.031252384185791016, 0.01563096046447754, 0.0, 0.01578044891357422, 0.0, 0.015764951705932617, 0.0, 0.015618085861206055, 0.0, 0.02101612091064453, 0.0, 0.01057291030883789, 0.0, 0.015755891799926758, 0.0, 0.01975703239440918, 0.0, 0.011631250381469727, 0.0, 0.015756607055664062, 0.0, 0.015626192092895508, 0.015628337860107422, 0.0, 0.0, 0.0, 0.01562356948852539, 0.0, 0.01563239097595215, 0.0, 0.015770673751831055, 0.0, 0.015753507614135742, 0.0, 0.0, 0.016814231872558594, 0.0, 0.020234107971191406, 0.0, 0.009302377700805664, 0.0, 0.0, 0.0, 0.015755653381347656, 0.0, 0.018822193145751953, 0.0, 0.016523361206054688, 0.0, 0.016826868057250977, 0.0, 0.03106999397277832, 0.0, 0.015758514404296875, 0.0, 0.018769264221191406, 0.012634038925170898, 0.0, 0.015767574310302734, 0.0, 0.01561594009399414, 0.0, 0.0, 0.0, 0.01562786102294922, 0.0, 0.015624523162841797, 0.0, 0.0252532958984375, 0.0, 0.006139993667602539, 0.0, 0.015755414962768555, 0.0, 0.01563239097595215, 0.0, 0.03301668167114258, 0.0, 0.01402425765991211, 0.0, 0.01565861701965332, 0.015836000442504883, 0.0, 0.015547990798950195, 0.0, 0.015625, 0.0, 0.015630722045898438, 0.0, 0.01554560661315918, 0.0, 0.015578508377075195, 0.0, 0.015768766403198242, 0.01575922966003418, 0.0, 0.0, 0.0, 0.01562356948852539, 0.0, 0.016952991485595703, 0.0, 0.022172212600708008, 0.0, 0.002603292465209961, 0.0, 0.018274307250976562, 0.0, 0.01677870750427246, 0.0011119842529296875, 0.005200386047363281, 0.0, 0.0061359405517578125, 0.0, 0.0, 0.0, 0.01576685905456543, 0.0, 0.015631675720214844, 0.0, 0.015647172927856445, 0.0, 0.0, 0.0, 0.02424478530883789, 0.0, 0.022904157638549805, 0.0, 0.0, 0.0, 0.0, 0.0, 0.015627384185791016, 0.0, 0.015618085861206055, 0.015639066696166992, 0.0, 0.015141487121582031, 0.0, 0.0, 0.0, 0.03139042854309082, 0.0, 0.015643835067749023, 0.015606403350830078, 0.0, 0.01562786102294922, 0.0, 0.015624284744262695, 0.0, 0.01578807830810547, 0.0, 0.01604175567626953, 0.0, 0.015766143798828125, 0.0, 0.015622854232788086, 0.01563429832458496, 0.0, 0.0, 0.0, 0.01562047004699707, 0.0, 0.01577138900756836, 0.0, 0.015764713287353516, 0.0, 0.015628576278686523, 0.0, 0.015621185302734375, 0.0, 0.015631437301635742, 0.0, 0.01728677749633789, 0.0, 0.019088268280029297, 0.0, 0.01088571548461914, 0.0, 0.01513528823852539, 0.0, 0.015767335891723633, 0.0, 0.031249523162841797, 0.01563239097595215, 0.0, 0.01578378677368164, 0.0, 0.01576995849609375, 0.0, 0.015619516372680664, 0.0, 0.015627145767211914, 0.0, 0.015624284744262695, 0.01562666893005371, 0.0, 0.016146183013916016, 0.0, 0.015772342681884766, 0.0, 0.015644550323486328, 0.015596151351928711, 0.0, 0.015654563903808594, 0.0, 0.01559758186340332, 0.0, 0.015631437301635742, 0.0, 0.01613330841064453, 0.015761613845825195, 0.0, 0.0, 0.0, 0.015627384185791016, 0.0, 0.01562190055847168, 0.0, 0.015633583068847656, 0.0, 0.015620708465576172, 0.0, 0.015770435333251953, 0.0, 0.0, 0.015761137008666992, 0.0, 0.015624761581420898, 0.0, 0.015624284744262695, 0.0, 0.01562976837158203, 0.015627622604370117, 0.015620231628417969, 0.0031299591064453125, 0.012659788131713867, 0.0, 0.02285027503967285, 0.0, 0.024869680404663086, 0.015764474868774414, 0.0, 0.0, 0.0, 0.015631675720214844, 0.0, 0.01576995849609375, 0.0, 0.015758514404296875, 0.015630006790161133, 0.0, 0.015630483627319336, 0.0, 0.017242908477783203, 0.004995822906494141, 0.009602546691894531, 0.0, 0.01576685905456543, 0.0, 0.015756607055664062, 0.015638113021850586, 0.0, 0.015623092651367188, 0.0, 0.01561284065246582, 0.0, 0.015624761581420898, 0.0, 0.015636920928955078, 0.0, 0.00464177131652832, 0.0, 0.011135339736938477, 0.0, 0.015776634216308594, 0.0, 0.015605926513671875, 0.0, 0.0, 0.015623331069946289, 0.0, 0.025856494903564453, 0.0, 0.01626420021057129, 0.0, 0.005126237869262695, 0.0, 0.0313873291015625, 0.0, 0.01562643051147461, 0.0, 0.015622854232788086, 0.0, 0.015624284744262695, 0.0, 0.016675949096679688, 0.0, 0.015134096145629883, 0.0, 0.01576519012451172, 0.0, 0.0, 0.0, 0.017103195190429688, 0.0, 0.0, 0.02093815803527832, 0.0, 0.007261037826538086, 0.0, 0.02387857437133789, 0.0, 0.00763392448425293, 0.0, 0.015757322311401367, 0.01563239097595215, 0.0, 0.015628814697265625, 0.0, 0.015622615814208984, 0.0, 0.03025197982788086, 0.0011322498321533203, 0.0, 0.015764713287353516, 0.0, 0.01563429832458496, 0.0, 0.0156252384185791, 0.0, 0.015610933303833008, 0.0, 0.015622377395629883, 0.0, 0.020769357681274414, 0.0, 0.010626554489135742, 0.0, 0.015769481658935547, 0.01564311981201172, 0.0, 0.015599727630615234, 0.0, 0.0, 0.0, 0.015622377395629883, 0.0, 0.03141140937805176, 0.0, 0.017449140548706055, 0.0, 0.0024335384368896484, 0.0, 0.02739262580871582, 0.0, 0.015618562698364258, 0.0, 0.0, 0.0, 0.015629053115844727, 0.0, 0.017766952514648438, 0.0, 0.013633012771606445, 0.0, 0.015755414962768555, 0.0, 0.03125309944152832, 0.0, 0.01721048355102539, 0.0, 0.02735733985900879, 0.0, 0.017832517623901367, 0.0, 0.01576995849609375, 0.0, 0.015622615814208984, 0.0, 0.015615224838256836, 0.0, 0.0, 0.0, 0.03025531768798828, 0.0011286735534667969, 0.01576066017150879, 0.0, 0.015628337860107422, 0.0, 0.015622615814208984, 0.0, 0.015620708465576172, 0.015627384185791016, 0.0, 0.015624523162841797, 0.0, 0.015766382217407227, 0.0, 0.015762805938720703, 0.0, 0.01562356948852539, 0.0, 0.015633583068847656, 0.01561427116394043, 0.0, 0.015625, 0.0, 0.011627674102783203, 0.0, 0.0041315555572509766, 0.0, 0.01576852798461914, 0.0, 0.03124380111694336, 0.0, 0.015625, 0.0, 0.01562786102294922, 0.009103775024414062, 0.008635520935058594, 0.013820886611938477, 0.0, 0.010653257369995117, 0.0, 0.016274690628051758, 0.0, 0.0, 0.015552520751953125, 0.0, 0.015764951705932617, 0.0, 0.015623331069946289, 0.0, 0.015767812728881836, 0.0005283355712890625, 0.01708698272705078, 0.0, 0.0037262439727783203, 0.0, 0.015746116638183594, 0.0, 0.03125596046447754, 0.0, 0.015618562698364258, 0.015763282775878906, 0.0, 0.015755414962768555, 0.0, 0.01562786102294922, 0.0, 0.015627145767211914, 0.0, 0.01563119888305664, 0.0, 0.03124260902404785, 0.0, 0.015764236450195312, 0.0, 0.015764474868774414, 0.0, 0.015624523162841797, 0.0, 0.015558004379272461, 0.0, 0.015707015991210938, 0.015610456466674805, 0.0, 0.015813589096069336, 0.0, 0.01576519012451172, 0.0, 0.0, 0.0, 0.015629053115844727, 0.0, 0.015623807907104492, 0.0, 0.015624284744262695, 0.0, 0.015622377395629883, 0.0, 0.01627206802368164, 0.02283477783203125, 0.0, 0.008549213409423828, 0.0, 0.01576709747314453, 0.0, 0.015632152557373047, 0.0, 0.015619516372680664, 0.0, 0.021758079528808594], 'game_times': [0.10291934013366699, 0.09670495986938477, 0.2364952564239502, 0.1599743366241455, 0.1677563190460205, 0.0943305492401123, 0.05757403373718262, 0.13570237159729004, 0.10964012145996094, 0.11104059219360352, 0.046430349349975586, 0.10966634750366211, 0.15039372444152832, 0.06854701042175293, 0.14131402969360352, 0.17291045188903809, 0.07840847969055176, 0.046350717544555664, 0.13352584838867188, 0.07526993751525879, 0.12548065185546875, 0.10953259468078613, 0.12061262130737305, 0.141066312789917, 0.07781481742858887, 0.1100773811340332, 0.0940406322479248, 0.1250443458557129, 0.09405708312988281, 0.06318974494934082, 0.0786130428314209, 0.09403562545776367, 0.15739750862121582, 0.06292462348937988, 0.09462523460388184, 0.12529540061950684, 0.2058095932006836, 0.0754690170288086, 0.07826805114746094, 0.12542295455932617, 0.12555193901062012, 0.1720564365386963, 0.14102411270141602, 0.09403824806213379, 0.12526369094848633, 0.05848813056945801, 0.14667081832885742, 0.188065767288208, 0.1259608268737793, 0.10016083717346191], 'avg_move_time': 0.008368062414501632, 'avg_game_time': 0.1146202564239502, 'win_rate': 0.86}
2025-04-05 18:04:42,135 - INFO - Starting connect_four experiment: Default vs Minimax_noAB (50 games)
2025-04-05 18:04:42,279 - INFO - connect_four - Default vs Minimax_noAB Game 0: W:0, D:0, L:1
2025-04-05 18:04:44,580 - INFO - connect_four - Default vs Minimax_noAB Game 10: W:0, D:0, L:11
2025-04-05 18:04:46,941 - INFO - connect_four - Default vs Minimax_noAB Game 20: W:1, D:0, L:20
2025-04-05 18:04:49,473 - INFO - connect_four - Default vs Minimax_noAB Game 30: W:2, D:0, L:29
2025-04-05 18:04:51,481 - INFO - connect_four - Default vs Minimax_noAB Game 40: W:2, D:0, L:39
2025-04-05 18:04:53,408 - INFO - connect_four - Default vs Minimax_noAB Results: {'wins': 2, 'draws': 0, 'losses': 48, 'move_times': [0.0, 0.03053450584411621, 0.001209259033203125, 0.031583309173583984, 0.0003170967102050781, 0.029182910919189453, 0.0009982585906982422, 0.01912093162536621, 0.0, 0.031305789947509766, 0.0, 0.031249523162841797, 0.0, 0.031388282775878906, 0.0, 0.0468754768371582, 0.0, 0.03738832473754883, 0.0, 0.04101300239562988, 0.0, 0.031252145767211914, 0.0, 0.04714822769165039, 0.0, 0.031239748001098633, 0.0, 0.04950833320617676, 0.0, 0.028944969177246094, 0.0, 0.0510706901550293, 0.0009961128234863281, 0.038041114807128906, 0.0, 0.031238794326782227, 0.0, 0.04688096046447754, 0.0, 0.03153109550476074, 0.0, 0.04687762260437012, 0.0, 0.0313878059387207, 0.0, 0.04702258110046387, 0.0, 0.03454017639160156, 0.0, 0.032927513122558594, 0.0, 0.047734737396240234, 0.0, 0.04165029525756836, 0.0, 0.037026166915893555, 0.0, 0.046813249588012695, 0.0, 0.02466273307800293, 0.0, 0.047022342681884766, 0.0, 0.015613079071044922, 0.0, 0.03139781951904297, 0.0, 0.0313873291015625, 0.0, 0.03125500679016113, 0.0, 0.031388044357299805, 0.0, 0.031382083892822266, 0.0, 0.031255483627319336, 0.0, 0.03343367576599121, 0.0, 0.029413700103759766, 0.0, 0.031247377395629883, 0.0, 0.03124690055847168, 0.0, 0.03153872489929199, 0.0, 0.03125166893005371, 0.0, 0.03125309944152832, 0.0, 0.032807350158691406, 0.00022745132446289062, 0.03134560585021973, 0.00033164024353027344, 0.015756845474243164, 0.0, 0.03337836265563965, 0.0, 0.013629674911499023, 0.0, 0.015754222869873047, 0.0, 0.0, 0.0, 0.03125333786010742, 0.0, 0.031188011169433594, 0.0, 0.03197145462036133, 0.0, 0.031248807907104492, 0.0, 0.031244277954101562, 0.0, 0.03156900405883789, 0.0, 0.03125190734863281, 0.0, 0.031250953674316406, 0.0, 0.03137397766113281, 0.0, 0.01576399803161621, 0.015623807907104492, 0.0156252384185791, 0.0, 0.04287838935852051, 0.0, 0.019886016845703125, 0.0, 0.04154682159423828, 0.0, 0.020135164260864258, 0.0, 0.031531572341918945, 0.0, 0.03138446807861328, 0.0, 0.03125143051147461, 0.0, 0.03139066696166992, 0.0, 0.03165078163146973, 0.0, 0.03138875961303711, 0.0, 0.03053426742553711, 0.0, 0.016080141067504883, 0.0, 0.031743764877319336, 0.0, 0.03125, 0.0, 0.0314021110534668, 0.0, 0.03139925003051758, 0.0, 0.03123927116394043, 0.0, 0.03138303756713867, 0.0, 0.035347938537597656, 0.0, 0.028870820999145508, 0.0, 0.030359268188476562, 0.0008175373077392578, 0.014256715774536133, 0.0, 0.0313870906829834, 0.0, 0.0312504768371582, 0.0, 0.03139781951904297, 0.0, 0.03141331672668457, 0.0, 0.03196978569030762, 0.0, 0.030771255493164062, 0.0, 0.031644582748413086, 0.0, 0.03139162063598633, 0.0, 0.031220197677612305, 0.0, 0.032335519790649414, 0.0, 0.030892610549926758, 0.0, 0.01562666893005371, 0.0, 0.03183770179748535, 0.0, 0.03138875961303711, 0.0, 0.03125309944152832, 0.0, 0.03363394737243652, 0.0, 0.029003381729125977, 0.0, 0.03089284896850586, 0.0, 0.03125357627868652, 0.0, 0.015766143798828125, 0.01576519012451172, 0.015619516372680664, 0.0, 0.0312502384185791, 0.0, 0.03125166893005371, 0.0, 0.03138256072998047, 0.0, 0.03141164779663086, 0.0, 0.01575303077697754, 0.0, 0.031408071517944336, 0.0, 0.03138446807861328, 0.0, 0.015628337860107422, 0.0, 0.04387307167053223, 0.0, 0.018890380859375, 0.0, 0.03124260902404785, 0.0, 0.03126406669616699, 0.0, 0.03793835639953613, 0.0012958049774169922, 0.02901768684387207, 0.0, 0.026113510131835938, 0.0, 0.031410932540893555, 0.0, 0.03233218193054199, 0.0, 0.015778303146362305, 0.0, 0.045684814453125, 0.0, 0.02596306800842285, 0.0, 0.03138422966003418, 0.0, 0.031246423721313477, 0.0, 0.03158831596374512, 0.0, 0.01575160026550293, 0.0, 0.033440589904785156, 0.0, 0.031021833419799805, 0.0, 0.029903173446655273, 0.0, 0.03125357627868652, 0.0, 0.031236886978149414, 0.0, 0.03152918815612793, 0.0, 0.03462934494018555, 0.0, 0.016613245010375977, 0.0, 0.03153419494628906, 0.0, 0.031400203704833984, 0.0, 0.031244516372680664, 0.0, 0.03189682960510254, 0.0, 0.03091144561767578, 0.0, 0.03124237060546875, 0.0, 0.03125596046447754, 0.0, 0.03153681755065918, 0.0, 0.031249284744262695, 0.0, 0.03125309944152832, 0.0, 0.031540870666503906, 0.0, 0.01563096046447754, 0.0, 0.0312504768371582, 0.0, 0.03481149673461914, 0.0, 0.028401851654052734, 0.0, 0.031252145767211914, 0.0, 0.04102039337158203, 0.0, 0.0, 0.021109819412231445, 0.0, 0.031397104263305664, 0.0, 0.031241893768310547, 0.0, 0.03190875053405762, 0.0, 0.031247615814208984, 0.0, 0.03125476837158203, 0.0, 0.03140830993652344, 0.0, 0.03139019012451172, 0.0, 0.0, 0.0156252384185791, 0.0, 0.04361987113952637, 0.0, 0.01941084861755371, 0.0, 0.03124380111694336, 0.0, 0.031240463256835938, 0.0, 0.031417131423950195, 0.0, 0.03138256072998047, 0.0, 0.031247377395629883, 0.0, 0.03246450424194336, 0.0, 0.03072190284729004, 0.0, 0.033194780349731445, 0.0010073184967041016, 0.02770376205444336, 0.0, 0.021988868713378906, 0.0, 0.03188920021057129, 0.0, 0.0317225456237793, 0.0, 0.03154134750366211, 0.0, 0.031237125396728516, 0.0, 0.031249523162841797, 0.0, 0.03140711784362793, 0.0, 0.03138089179992676, 0.0, 0.031247377395629883, 0.0, 0.02727198600769043, 0.0, 0.019956350326538086, 0.0, 0.031245708465576172, 0.0, 0.031255245208740234, 0.0, 0.031402587890625, 0.0, 0.044052839279174805, 0.0, 0.02797079086303711, 0.0, 0.031809091567993164, 0.0, 0.03125452995300293, 0.0019381046295166016, 0.029771804809570312, 0.0, 0.025494813919067383, 0.0, 0.021893739700317383, 0.0, 0.03125810623168945, 0.0, 0.03124856948852539, 0.0, 0.03152966499328613, 0.0, 0.03126263618469238, 0.0, 0.031244754791259766, 0.0, 0.031386613845825195, 0.0, 0.04700469970703125, 0.0, 0.038887977600097656, 0.0, 0.03952741622924805, 0.0, 0.03234529495239258, 0.0, 0.04501199722290039, 0.0, 0.03139185905456543, 0.0, 0.04686880111694336, 0.0, 0.031522274017333984, 0.0, 0.03124833106994629, 0.0, 0.04702043533325195, 0.0, 0.03139328956604004, 0.0, 0.04686450958251953, 0.0, 0.04152655601501465, 0.0, 0.037515878677368164, 0.0, 0.03938150405883789, 0.0, 0.03902459144592285, 0.0, 0.03125405311584473, 0.0, 0.05173611640930176, 0.0010161399841308594, 0.02604532241821289, 0.0, 0.051024675369262695, 0.0, 0.027392864227294922, 0.0, 0.03125262260437012, 0.0, 0.015619993209838867, 0.0, 0.03142213821411133, 0.0, 0.0213320255279541, 0.0, 0.04253196716308594, 0.0, 0.030758142471313477, 0.0, 0.03160905838012695, 0.0, 0.03138470649719238, 0.0, 0.031250953674316406, 0.0, 0.03152728080749512, 0.0, 0.015635251998901367, 0.0, 0.031241416931152344, 0.0, 0.03139543533325195, 0.0, 0.04143643379211426, 0.0009875297546386719, 0.01911616325378418, 0.0, 0.03552126884460449, 0.0, 0.027394771575927734, 0.0, 0.031246185302734375, 0.0, 0.03124690055847168, 0.0, 0.03155827522277832, 0.0, 0.03123617172241211, 0.0, 0.015630722045898438, 0.015622615814208984, 0.01680779457092285, 0.0, 0.03041672706604004, 0.0, 0.03125929832458496, 0.0, 0.015612602233886719, 0.0, 0.031401634216308594, 0.0, 0.015768051147460938, 0.0, 0.03124713897705078, 0.0, 0.03125429153442383, 0.0, 0.03150749206542969, 0.0, 0.03252005577087402, 0.0, 0.031169891357421875, 0.0, 0.030419349670410156, 0.0, 0.03139042854309082, 0.0, 0.03149676322937012, 0.0, 0.031536102294921875, 0.0, 0.03139019012451172, 0.0, 0.0312504768371582, 0.0, 0.03237557411193848, 0.0, 0.030416488647460938, 0.0, 0.015619993209838867, 0.0, 0.031239986419677734, 0.0, 0.03139686584472656, 0.0, 0.03138303756713867, 0.0, 0.039350271224975586, 0.0, 0.021371841430664062, 0.0, 0.0269625186920166, 0.0, 0.03138136863708496, 0.0, 0.04193258285522461, 0.0, 0.02588677406311035, 0.0, 0.03125333786010742, 0.0, 0.0312497615814209, 0.0, 0.03153276443481445, 0.0, 0.03125119209289551, 0.0, 0.031249046325683594, 0.0, 0.018262147903442383, 0.0, 0.028897523880004883, 0.0, 0.0312502384185791, 0.0, 0.0156252384185791, 0.0, 0.031389713287353516, 0.0, 0.015765905380249023, 0.0, 0.032086849212646484, 0.0, 0.03089594841003418, 0.0, 0.030890703201293945, 0.0, 0.015628337860107422, 0.015625953674316406, 0.015620231628417969, 0.0, 0.03789234161376953, 0.0, 0.03525495529174805, 0.0009942054748535156, 0.02207636833190918, 0.0, 0.03125333786010742, 0.0, 0.01576828956604004, 0.0, 0.0313870906829834, 0.0, 0.03125619888305664, 0.0, 0.032376766204833984, 0.0, 0.030386924743652344, 0.0, 0.03125333786010742, 0.0, 0.03126382827758789, 0.0, 0.03345894813537598, 0.0, 0.02990555763244629, 0.0, 0.03125309944152832, 0.0, 0.015768766403198242, 0.0, 0.031386613845825195, 0.0, 0.031249284744262695, 0.0, 0.03488278388977051, 0.0, 0.02788400650024414, 0.0, 0.037178993225097656, 0.0, 0.025177001953125, 0.0, 0.031530141830444336, 0.0, 0.03125429153442383, 0.0, 0.0312497615814209, 0.0, 0.03139853477478027, 0.0, 0.03139472007751465, 0.0, 0.0312504768371582, 0.0, 0.022759675979614258, 0.0, 0.024391889572143555, 0.0, 0.03317856788635254, 0.0, 0.04292130470275879, 0.0, 0.023767709732055664, 0.0, 0.030892372131347656, 0.0, 0.03125166893005371, 0.0, 0.03153181076049805, 0.0, 0.031246185302734375, 0.0, 0.035486459732055664, 0.0, 0.02115154266357422, 0.0, 0.031389713287353516, 0.0, 0.03124070167541504, 0.0, 0.03289508819580078, 0.0, 0.029883384704589844, 0.0, 0.031246185302734375, 0.0, 0.03125286102294922, 0.0, 0.01576519012451172, 0.0, 0.03189253807067871, 0.0, 0.03138279914855957, 0.0, 0.03465080261230469, 0.0, 0.028395891189575195, 0.0, 0.031238079071044922, 0.0, 0.03539085388183594, 0.0, 0.0276339054107666, 0.0, 0.031383514404296875, 0.0, 0.032584428787231445, 0.0, 0.03017258644104004, 0.0, 0.030393123626708984, 0.0, 0.03125882148742676, 0.0, 0.017248868942260742, 0.0, 0.014132499694824219, 0.0, 0.03138446807861328, 0.0, 0.03125715255737305, 0.0, 0.03137540817260742, 0.0, 0.03138327598571777, 0.0, 0.03127241134643555, 0.0, 0.03138089179992676, 0.0, 0.03138422966003418, 0.0, 0.031250953674316406, 0.0, 0.03637981414794922, 0.0, 0.02639317512512207, 0.0, 0.03126049041748047, 0.0, 0.031245708465576172, 0.0, 0.03307366371154785, 0.0, 0.030437946319580078, 0.0, 0.015630483627319336, 0.0, 0.04716372489929199, 0.0, 0.01575446128845215], 'game_times': [0.14425206184387207, 0.3470630645751953, 0.30696916580200195, 0.20387530326843262, 0.17113757133483887, 0.188065767288208, 0.36261630058288574, 0.2197268009185791, 0.26561594009399414, 0.12567734718322754, 0.10974693298339844, 0.19202160835266113, 0.1997530460357666, 0.1257772445678711, 0.29808473587036133, 0.25086164474487305, 0.24053478240966797, 0.3206939697265625, 0.20618724822998047, 0.3135247230529785, 0.21390819549560547, 0.24095845222473145, 0.20393991470336914, 0.1563396453857422, 0.14837908744812012, 0.2664167881011963, 0.24544382095336914, 0.3908414840698242, 0.23491764068603516, 0.4455444812774658, 0.19906210899353027, 0.17533349990844727, 0.15268230438232422, 0.15675139427185059, 0.17346692085266113, 0.1562328338623047, 0.17229938507080078, 0.24952173233032227, 0.26647353172302246, 0.28398752212524414, 0.22138309478759766, 0.17444610595703125, 0.18427419662475586, 0.3032069206237793, 0.21494150161743164, 0.14004015922546387, 0.12566757202148438, 0.2501986026763916, 0.28706860542297363, 0.23095965385437012], 'avg_move_time': 0.015336338440793736, 'avg_game_time': 0.22513744831085206, 'win_rate': 0.04}
2025-04-05 18:04:53,852 - INFO - Starting connect_four experiment: Q1 vs Default (50 games)
2025-04-05 18:04:54,283 - INFO - connect_four - Q1 vs Default Game 0: W:1, D:0, L:0
2025-04-05 18:04:59,132 - INFO - connect_four - Q1 vs Default Game 10: W:8, D:0, L:3
2025-04-05 18:05:03,442 - INFO - connect_four - Q1 vs Default Game 20: W:17, D:1, L:3
2025-04-05 18:05:08,350 - INFO - connect_four - Q1 vs Default Game 30: W:23, D:3, L:5
2025-04-05 18:05:12,568 - INFO - connect_four - Q1 vs Default Game 40: W:30, D:5, L:6
2025-04-05 18:05:16,843 - INFO - connect_four - Q1 vs Default Results: {'wins': 32, 'draws': 6, 'losses': 12, 'move_times': [], 'game_times': [0.0, 0.0, 0.0, 0.0, 0.0, 0.0, 0.0, 0.0, 0.0, 0.0, 0.0, 0.0, 0.0, 0.0, 0.0, 0.0, 0.0, 0.0, 0.0, 0.0, 0.0, 0.0, 0.0, 0.0, 0.0, 0.0, 0.0, 0.0, 0.0, 0.0, 0.0, 0.0, 0.0, 0.0, 0.0, 0.0, 0.0, 0.0, 0.0, 0.0, 0.0, 0.0, 0.0, 0.0, 0.0, 0.0, 0.0, 0.0, 0.0, 0.0], 'avg_move_time': nan, 'avg_game_time': 0.0, 'win_rate': 0.64}
2025-04-05 18:05:17,303 - INFO - Starting connect_four experiment: Default vs Q2 (50 games)
2025-04-05 18:05:17,758 - INFO - connect_four - Default vs Q2 Game 0: W:0, D:0, L:1
2025-04-05 18:05:22,776 - INFO - connect_four - Default vs Q2 Game 10: W:3, D:2, L:6
2025-04-05 18:05:27,542 - INFO - connect_four - Default vs Q2 Game 20: W:6, D:4, L:11
2025-04-05 18:05:32,309 - INFO - connect_four - Default vs Q2 Game 30: W:11, D:5, L:15
2025-04-05 18:05:37,640 - INFO - connect_four - Default vs Q2 Game 40: W:15, D:7, L:19
2025-04-05 18:05:42,015 - INFO - connect_four - Default vs Q2 Results: {'wins': 19, 'draws': 7, 'losses': 24, 'move_times': [], 'game_times': [0.0, 0.0, 0.0, 0.0, 0.0, 0.0, 0.0, 0.0, 0.0, 0.0, 0.0, 0.0, 0.0, 0.0, 0.0, 0.0, 0.0, 0.0, 0.0, 0.0, 0.0, 0.0, 0.0, 0.0, 0.0, 0.0, 0.0, 0.0, 0.0, 0.0, 0.0, 0.0, 0.0, 0.0, 0.0, 0.0, 0.0, 0.0, 0.0, 0.0, 0.0, 0.0, 0.0, 0.0, 0.0, 0.0, 0.0, 0.0, 0.0, 0.0], 'avg_move_time': nan, 'avg_game_time': 0.0, 'win_rate': 0.38}
2025-04-05 18:05:42,625 - INFO - Starting connect_four experiment: Minimax_AB vs Q2 (50 games)
2025-04-05 18:05:43,077 - INFO - connect_four - Minimax_AB vs Q2 Game 0: W:0, D:0, L:1
2025-04-05 18:05:47,624 - INFO - connect_four - Minimax_AB vs Q2 Game 10: W:1, D:2, L:8
2025-04-05 18:05:52,693 - INFO - connect_four - Minimax_AB vs Q2 Game 20: W:4, D:3, L:14
2025-04-05 18:05:57,949 - INFO - connect_four - Minimax_AB vs Q2 Game 30: W:6, D:4, L:21
2025-04-05 18:06:02,738 - INFO - connect_four - Minimax_AB vs Q2 Game 40: W:10, D:6, L:25
2025-04-05 18:06:07,156 - INFO - connect_four - Minimax_AB vs Q2 Results: {'wins': 13, 'draws': 7, 'losses': 30, 'move_times': [], 'game_times': [0.0, 0.0, 0.0, 0.0, 0.0, 0.0, 0.0, 0.0, 0.0, 0.0, 0.0, 0.0, 0.0, 0.0, 0.0, 0.0, 0.0, 0.0, 0.0, 0.0, 0.0, 0.0, 0.0, 0.0, 0.0, 0.0, 0.0, 0.0, 0.0, 0.0, 0.0, 0.0, 0.0, 0.0, 0.0, 0.0, 0.0, 0.0, 0.0, 0.0, 0.0, 0.0, 0.0, 0.0, 0.0, 0.0, 0.0, 0.0, 0.0, 0.0], 'avg_move_time': nan, 'avg_game_time': 0.0, 'win_rate': 0.26}
2025-04-05 18:06:07,573 - INFO - Starting connect_four experiment: Q1 vs Minimax_AB (50 games)
2025-04-05 18:06:08,063 - INFO - connect_four - Q1 vs Minimax_AB Game 0: W:0, D:1, L:0
2025-04-05 18:06:12,905 - INFO - connect_four - Q1 vs Minimax_AB Game 10: W:8, D:1, L:2
2025-04-05 18:06:17,891 - INFO - connect_four - Q1 vs Minimax_AB Game 20: W:15, D:3, L:3
2025-04-05 18:06:22,800 - INFO - connect_four - Q1 vs Minimax_AB Game 30: W:20, D:3, L:8
2025-04-05 18:06:26,970 - INFO - connect_four - Q1 vs Minimax_AB Game 40: W:26, D:4, L:11
2025-04-05 18:06:31,139 - INFO - connect_four - Q1 vs Minimax_AB Results: {'wins': 30, 'draws': 5, 'losses': 15, 'move_times': [], 'game_times': [0.0, 0.0, 0.0, 0.0, 0.0, 0.0, 0.0, 0.0, 0.0, 0.0, 0.0, 0.0, 0.0, 0.0, 0.0, 0.0, 0.0, 0.0, 0.0, 0.0, 0.0, 0.0, 0.0, 0.0, 0.0, 0.0, 0.0, 0.0, 0.0, 0.0, 0.0, 0.0, 0.0, 0.0, 0.0, 0.0, 0.0, 0.0, 0.0, 0.0, 0.0, 0.0, 0.0, 0.0, 0.0, 0.0, 0.0, 0.0, 0.0, 0.0], 'avg_move_time': nan, 'avg_game_time': 0.0, 'win_rate': 0.6}
2025-04-05 18:06:31,611 - INFO - Starting connect_four experiment: Minimax_noAB vs Q2 (50 games)
2025-04-05 18:06:32,066 - INFO - connect_four - Minimax_noAB vs Q2 Game 0: W:1, D:0, L:0
2025-04-05 18:06:37,332 - INFO - connect_four - Minimax_noAB vs Q2 Game 10: W:4, D:1, L:6
2025-04-05 18:06:42,099 - INFO - connect_four - Minimax_noAB vs Q2 Game 20: W:5, D:3, L:13
2025-04-05 18:06:47,040 - INFO - connect_four - Minimax_noAB vs Q2 Game 30: W:12, D:4, L:15
2025-04-05 18:06:51,822 - INFO - connect_four - Minimax_noAB vs Q2 Game 40: W:16, D:6, L:19
2025-04-05 18:06:56,135 - INFO - connect_four - Minimax_noAB vs Q2 Results: {'wins': 24, 'draws': 6, 'losses': 20, 'move_times': [], 'game_times': [0.0, 0.0, 0.0, 0.0, 0.0, 0.0, 0.0, 0.0, 0.0, 0.0, 0.0, 0.0, 0.0, 0.0, 0.0, 0.0, 0.0, 0.0, 0.0, 0.0, 0.0, 0.0, 0.0, 0.0, 0.0, 0.0, 0.0, 0.0, 0.0, 0.0, 0.0, 0.0, 0.0, 0.0, 0.0, 0.0, 0.0, 0.0, 0.0, 0.0, 0.0, 0.0, 0.0, 0.0, 0.0, 0.0, 0.0, 0.0, 0.0, 0.0], 'avg_move_time': nan, 'avg_game_time': 0.0, 'win_rate': 0.48}
2025-04-05 18:06:56,558 - INFO - Starting connect_four experiment: Q1 vs Minimax_noAB (50 games)
2025-04-05 18:06:56,979 - INFO - connect_four - Q1 vs Minimax_noAB Game 0: W:1, D:0, L:0
2025-04-05 18:07:01,184 - INFO - connect_four - Q1 vs Minimax_noAB Game 10: W:9, D:0, L:2
2025-04-05 18:07:05,684 - INFO - connect_four - Q1 vs Minimax_noAB Game 20: W:15, D:1, L:5
2025-04-05 18:07:10,545 - INFO - connect_four - Q1 vs Minimax_noAB Game 30: W:21, D:1, L:9
2025-04-05 18:07:14,731 - INFO - connect_four - Q1 vs Minimax_noAB Game 40: W:28, D:2, L:11
2025-04-05 18:07:19,359 - INFO - connect_four - Q1 vs Minimax_noAB Results: {'wins': 34, 'draws': 2, 'losses': 14, 'move_times': [], 'game_times': [0.0, 0.0, 0.0, 0.0, 0.0, 0.0, 0.0, 0.0, 0.0, 0.0, 0.0, 0.0, 0.0, 0.0, 0.0, 0.0, 0.0, 0.0, 0.0, 0.0, 0.0, 0.0, 0.0, 0.0, 0.0, 0.0, 0.0, 0.0, 0.0, 0.0, 0.0, 0.0, 0.0, 0.0, 0.0, 0.0, 0.0, 0.0, 0.0, 0.0, 0.0, 0.0, 0.0, 0.0, 0.0, 0.0, 0.0, 0.0, 0.0, 0.0], 'avg_move_time': nan, 'avg_game_time': 0.0, 'win_rate': 0.68}
2025-04-05 18:07:19,360 - INFO - Starting connect_four experiment: Minimax_AB vs Minimax_noAB (50 games)
2025-04-05 18:07:19,668 - INFO - connect_four - Minimax_AB vs Minimax_noAB Game 0: W:1, D:0, L:0
2025-04-05 18:07:22,757 - INFO - connect_four - Minimax_AB vs Minimax_noAB Game 10: W:11, D:0, L:0
2025-04-05 18:07:26,302 - INFO - connect_four - Minimax_AB vs Minimax_noAB Game 20: W:21, D:0, L:0
2025-04-05 18:07:29,375 - INFO - connect_four - Minimax_AB vs Minimax_noAB Game 30: W:31, D:0, L:0
2025-04-05 18:07:32,794 - INFO - connect_four - Minimax_AB vs Minimax_noAB Game 40: W:41, D:0, L:0
2025-04-05 18:07:35,714 - INFO - connect_four - Minimax_AB vs Minimax_noAB Results: {'wins': 50, 'draws': 0, 'losses': 0, 'move_times': [0.0131072998046875, 0.021177291870117188, 0.012676715850830078, 0.0, 0.017548322677612305, 0.00798940658569336, 0.014566183090209961, 0.009002447128295898, 0.015549182891845703, 0.01574420928955078, 0.015655517578125, 0.017171382904052734, 0.014609813690185547, 0.01652359962463379, 0.022900819778442383, 0.015075445175170898, 0.0158843994140625, 0.015118122100830078, 0.01645803451538086, 0.0, 0.015346765518188477, 0.0, 0.0, 0.015751361846923828, 0.0, 0.0, 0.0, 0.01563572883605957, 0.016890525817871094, 0.015110015869140625, 0.0, 0.01573491096496582, 0.0, 0.024844884872436523, 0.010734319686889648, 0.01210641860961914, 0.018738985061645508, 0.013109207153320312, 0.016442537307739258, 0.015109777450561523, 0.016588211059570312, 0.016641855239868164, 0.022272586822509766, 0.008011579513549805, 0.01700568199157715, 0.014608144760131836, 0.016110897064208984, 0.0, 0.0, 0.01573967933654785, 0.0, 0.0, 0.0, 0.015628337860107422, 0.016675949096679688, 0.0, 0.015111446380615234, 0.01573348045349121, 0.0, 0.015622854232788086, 0.015624523162841797, 0.0, 0.0156252384185791, 0.019242525100708008, 0.022337675094604492, 0.0022814273834228516, 0.03023982048034668, 0.01952981948852539, 0.013080596923828125, 0.015218496322631836, 0.01638007164001465, 0.015117883682250977, 0.01573634147644043, 0.015520334243774414, 0.0, 0.0, 0.0157315731048584, 0.0, 0.0, 0.0, 0.0, 0.019125938415527344, 0.012611865997314453, 0.0157315731048584, 0.0, 0.0, 0.015520572662353516, 0.015720844268798828, 0.015886306762695312, 0.009003639221191406, 0.007006645202636719, 0.015739917755126953, 0.015516281127929688, 0.0157315731048584, 0.025473833084106445, 0.02071690559387207, 0.0016064643859863281, 0.022568702697753906, 0.016068696975708008, 0.017103910446166992, 0.016452789306640625, 0.0, 0.0, 0.01572895050048828, 0.0, 0.0, 0.010616540908813477, 0.0, 0.005609273910522461, 0.027629613876342773, 0.010614633560180664, 0.008004426956176758, 0.005675077438354492, 0.0, 0.01562643051147461, 0.015737056732177734, 0.016221046447753906, 0.016373872756958008, 0.015108108520507812, 0.01573348045349121, 0.015621662139892578, 0.01624584197998047, 0.01672077178955078, 0.014504194259643555, 0.016389846801757812, 0.015105485916137695, 0.01573491096496582, 0.01563239097595215, 0.0, 0.0, 0.016400814056396484, 0.006610870361328125, 0.0, 0.0, 0.008611202239990234, 0.015630245208740234, 0.0, 0.0156252384185791, 0.015727758407592773, 0.0, 0.015622615814208984, 0.015636682510375977, 0.016234636306762695, 0.0, 0.015748262405395508, 0.01561737060546875, 0.01562666893005371, 0.031244516372680664, 0.015628576278686523, 0.01622319221496582, 0.015630722045898438, 0.016538381576538086, 0.022549867630004883, 0.004000663757324219, 0.01632976531982422, 0.0, 0.012503862380981445, 0.0025022029876708984, 0.0, 0.0, 0.0, 0.015630245208740234, 0.0157318115234375, 0.0, 0.015615224838256836, 0.015636920928955078, 0.0, 0.01562356948852539, 0.01561880111694336, 0.0041043758392333984, 0.012755632400512695, 0.015111684799194336, 0.015732526779174805, 0.015524864196777344, 0.016649723052978516, 0.024603843688964844, 0.006605863571166992, 0.01574230194091797, 0.015617132186889648, 0.03125500679016113, 0.01551675796508789, 0.0, 0.015614032745361328, 0.0, 0.0, 0.0, 0.015734195709228516, 0.0, 0.0, 0.024999618530273438, 0.0065059661865234375, 0.01574563980102539, 0.0, 0.015511035919189453, 0.0, 0.021833419799804688, 0.010104656219482422, 0.01572871208190918, 0.01563286781311035, 0.015614032745361328, 0.01694965362548828, 0.019134998321533203, 0.009482383728027344, 0.01632237434387207, 0.015940427780151367, 0.015099763870239258, 0.015729904174804688, 0.01562809944152832, 0.019247770309448242, 0.0, 0.01261591911315918, 0.0, 0.0, 0.0, 0.015735387802124023, 0.0, 0.015637874603271484, 0.015508413314819336, 0.0, 0.01573038101196289, 0.0, 0.015619993209838867, 0.016107797622680664, 0.016505002975463867, 0.0, 0.015842199325561523, 0.01587057113647461, 0.015004396438598633, 0.03028249740600586, 0.01743006706237793, 0.01702427864074707, 0.01731729507446289, 0.015737533569335938, 0.01671886444091797, 0.016243934631347656, 0.0, 0.015613317489624023, 0.0, 0.0, 0.0, 0.015744686126708984, 0.0, 0.0, 0.015628814697265625, 0.015616893768310547, 0.01561427116394043, 0.0, 0.016453266143798828, 0.0056116580963134766, 0.018692731857299805, 0.014007091522216797, 0.0014567375183105469, 0.01573324203491211, 0.01562047004699707, 0.015623807907104492, 0.019136428833007812, 0.012601852416992188, 0.015738248825073242, 0.015623331069946289, 0.0164339542388916, 0.030736207962036133, 0.01620769500732422, 0.0, 0.015735626220703125, 0.0, 0.0, 0.0, 0.015636920928955078, 0.0, 0.0, 0.015611410140991211, 0.015625, 0.015633821487426758, 0.0, 0.01607346534729004, 0.0, 0.015631437301635742, 0.015624523162841797, 0.015733003616333008, 0.015624761581420898, 0.01562666893005371, 0.015517234802246094, 0.01615452766418457, 0.01563096046447754, 0.015734195709228516, 0.015619754791259766, 0.015523433685302734, 0.015622138977050781, 0.016205549240112305, 0.01573777198791504, 0.0, 0.0, 0.016547203063964844, 0.0, 0.0, 0.0, 0.013445377349853516, 0.014507770538330078, 0.0, 0.015609264373779297, 0.01574110984802246, 0.003003835678100586, 0.01300358772277832, 0.0157315731048584, 0.0, 0.01562952995300293, 0.015628337860107422, 0.015624046325683594, 0.02580881118774414, 0.005606889724731445, 0.015735864639282227, 0.03136920928955078, 0.015738248825073242, 0.015517711639404297, 0.01622796058654785, 0.015736818313598633, 0.0, 0.015674352645874023, 0.0, 0.0, 0.015581846237182617, 0.0007822513580322266, 0.0, 0.0, 0.015299081802368164, 0.015735387802124023, 0.01552128791809082, 0.004614830017089844, 0.011612415313720703, 0.0, 0.015728473663330078, 0.015623092651367188, 0.015629291534423828, 0.015525579452514648, 0.01562356948852539, 0.01600790023803711, 0.015742063522338867, 0.015625476837158203, 0.015619516372680664, 0.0170590877532959, 0.028643131256103516, 0.015708446502685547, 0.0157320499420166, 0.015626192092895508, 0.0156252384185791, 0.0, 0.0, 0.017145872116088867, 0.0, 0.0, 0.014692068099975586, 0.016219139099121094, 0.015729665756225586, 0.015636920928955078, 0.015616178512573242, 0.0, 0.015628814697265625, 0.015631437301635742, 0.02881455421447754, 0.0, 0.03294730186462402, 0.017146825790405273, 0.01560521125793457, 0.03195023536682129, 0.01574230194091797, 0.03197789192199707, 0.030864238739013672, 0.0162355899810791, 0.015742063522338867, 0.015609502792358398, 0.015633344650268555, 0.015631675720214844, 0.0, 0.0, 0.01561117172241211, 0.0, 0.0, 0.016683578491210938, 0.019634485244750977, 0.007496833801269531, 0.015734434127807617, 0.015625953674316406, 0.0, 0.01562356948852539, 0.024219751358032227, 0.00761103630065918, 0.015743732452392578, 0.031241178512573242, 0.015622377395629883, 0.015620231628417969, 0.031946659088134766, 0.015634775161743164, 0.031249046325683594, 0.015614986419677734, 0.02024221420288086, 0.027336597442626953, 0.015638113021850586, 0.01562952995300293, 0.015613794326782227, 0.0, 0.0, 0.015624761581420898, 0.0, 0.0, 0.010622501373291016, 0.02135491371154785, 0.0, 0.01562190055847168, 0.01807880401611328, 0.00735020637512207, 0.006112098693847656, 0.015630245208740234, 0.0, 0.01574110984802246, 0.01687335968017578, 0.02412247657775879, 0.003518819808959961, 0.03134441375732422, 0.015630722045898438, 0.01621103286743164, 0.015741825103759766, 0.015514850616455078, 0.015624046325683594, 0.015727758407592773, 0.015522956848144531, 0.0, 0.0, 0.017210960388183594, 0.0, 0.0, 0.0, 0.0, 0.015107393264770508, 0.016968488693237305, 0.014504671096801758, 0.0, 0.0157320499420166, 0.015629053115844727, 0.0, 0.026675701141357422, 0.0052683353424072266, 0.015038490295410156, 0.016287803649902344, 0.015005111694335938, 0.01574230194091797, 0.026031970977783203, 0.00561070442199707, 0.015735387802124023, 0.01563096046447754, 0.031445980072021484, 0.015737295150756836, 0.0008375644683837891, 0.01594686508178711, 0.0, 0.0, 0.0, 0.015107870101928711, 0.0, 0.0, 0.015734195709228516, 0.016831159591674805, 0.013722658157348633, 0.007998943328857422, 0.006422281265258789, 0.0, 0.023832082748413086, 0.008110761642456055, 0.015732288360595703, 0.015623807907104492, 0.01563858985900879, 0.015616655349731445, 0.015626907348632812, 0.023124217987060547, 0.0171506404876709, 0.01722264289855957, 0.015492677688598633, 0.015399694442749023, 0.0157318115234375, 0.01010584831237793, 0.0060062408447265625, 0.0, 0.0, 0.0, 0.015738964080810547, 0.0, 0.0, 0.015621423721313477, 0.015680313110351562, 0.015465974807739258, 0.0, 0.015624046325683594, 0.0, 0.016284465789794922, 0.015504837036132812, 0.015630006790161133, 0.015625715255737305, 0.020163297653198242, 0.011705398559570312, 0.03193950653076172, 0.015736818313598633, 0.03124690055847168, 0.023730754852294922, 0.018753528594970703, 0.02284836769104004, 0.015620231628417969, 0.015642166137695312, 0.0, 0.01561427116394043, 0.0, 0.0, 0.0156252384185791, 0.0, 0.0, 0.01621389389038086, 0.03136610984802246, 0.015615224838256836, 0.0, 0.015625953674316406, 0.015633106231689453, 0.020728111267089844, 0.0169525146484375, 0.010020732879638672, 0.015743494033813477, 0.01561427116394043, 0.031245946884155273, 0.01621556282043457, 0.031357765197753906, 0.015630245208740234, 0.015627145767211914, 0.03185749053955078, 0.015608549118041992, 0.03272747993469238, 0.01441812515258789, 0.0, 0.0, 0.01573348045349121, 0.0, 0.0, 0.015627622604370117, 0.006106376647949219, 0.011502504348754883, 0.025867462158203125, 0.0034325122833251953, 0.0157318115234375, 0.015613794326782227, 0.01563715934753418, 0.016223669052124023, 0.01574563980102539, 0.015616893768310547, 0.01563286781311035, 0.015607595443725586, 0.03384804725646973, 0.01360774040222168, 0.03136134147644043, 0.01562952995300293, 0.031247377395629883, 0.016258716583251953, 0.015729427337646484, 0.03126263618469238, 0.0, 0.015625715255737305, 0.0, 0.0, 0.015619754791259766, 0.0, 0.0, 0.0, 0.016218185424804688, 0.015630483627319336, 0.01572871208190918, 0.0, 0.015630006790161133, 0.0, 0.015617609024047852, 0.015624761581420898, 0.020238161087036133, 0.011610984802246094, 0.015737295150756836, 0.016876697540283203, 0.022017478942871094, 0.006257772445678711, 0.01783585548400879, 0.01598644256591797, 0.016610383987426758, 0.017087697982788086, 0.01622462272644043, 0.01563858985900879, 0.0, 0.0, 0.01573777198791504, 0.0, 0.0, 0.0, 0.013005256652832031, 0.003002643585205078, 0.015741348266601562, 0.02055048942565918, 0.0, 0.011110305786132812, 0.01573657989501953, 0.0008451938629150391, 0.015104293823242188, 0.018341541290283203, 0.013504266738891602, 0.01573348045349121, 0.015523433685302734, 0.01572895050048828, 0.015626907348632812, 0.02413797378540039, 0.007505893707275391, 0.018634557723999023, 0.0289614200592041, 0.015735626220703125, 0.0009646415710449219, 0.015107393264770508, 0.0, 0.0, 0.0, 0.016239166259765625, 0.0, 0.0, 0.01573324203491211, 0.015635251998901367, 0.015619277954101562, 0.0, 0.017103195190429688, 0.009812593460083008, 0.010835409164428711, 0.015219449996948242, 0.0, 0.015630245208740234, 0.015625, 0.015729427337646484, 0.03125119209289551, 0.015628576278686523, 0.01610589027404785, 0.01572871208190918, 0.01563429832458496, 0.015518665313720703, 0.01640486717224121, 0.0, 0.015107154846191406, 0.0, 0.009605884552001953, 0.0066068172454833984, 0.0, 0.0, 0.0, 0.01573491096496582, 0.0156252384185791, 0.016488075256347656, 0.0, 0.015105009078979492, 0.0, 0.015630006790161133, 0.016213655471801758, 0.015735864639282227, 0.01562666893005371, 0.015611648559570312, 0.015535116195678711, 0.015730619430541992, 0.02062511444091797, 0.011108875274658203, 0.01574540138244629, 0.015615463256835938, 0.0163881778717041, 0.015108585357666016, 0.01658034324645996, 0.013090372085571289, 0.004114627838134766, 0.003995418548583984, 0.004004478454589844, 0.004105329513549805, 0.0, 0.0, 0.0167233943939209, 0.015112638473510742, 0.0, 0.01573777198791504, 0.0, 0.015518903732299805, 0.017365455627441406, 0.014116048812866211, 0.0, 0.015737056732177734, 0.01563286781311035, 0.015613079071044922, 0.03125143051147461, 0.016225576400756836, 0.01573801040649414, 0.015617847442626953, 0.016295433044433594, 0.015112876892089844, 0.015733718872070312, 0.016158342361450195, 0.0, 0.0, 0.01573657989501953, 0.0, 0.0, 0.0, 0.0, 0.015625715255737305, 0.01562190055847168, 0.015620708465576172, 0.0, 0.015526294708251953, 0.015727519989013672, 0.004098653793334961, 0.012003898620605469, 0.015630722045898438, 0.015735149383544922, 0.015619993209838867, 0.015623331069946289, 0.02573537826538086, 0.00212860107421875, 0.03287339210510254, 0.017218351364135742, 0.014504432678222656, 0.015736818313598633, 0.017739295959472656, 0.0, 0.014109373092651367, 0.0, 0.0, 0.0, 0.016439437866210938, 0.0, 0.0, 0.015004634857177734, 0.01573014259338379, 0.016312122344970703, 0.0, 0.015111684799194336, 0.007605075836181641, 0.008611679077148438, 0.01630234718322754, 0.015116214752197266, 0.015749692916870117, 0.015611410140991211, 0.016125202178955078, 0.015116214752197266, 0.01573467254638672, 0.015626907348632812, 0.015519380569458008, 0.01573467254638672, 0.015619754791259766, 0.019624948501586914, 0.012113094329833984, 0.0, 0.0, 0.015736103057861328, 0.0, 0.0, 0.0, 0.01562952995300293, 0.015616893768310547, 0.0, 0.015624284744262695, 0.015639781951904297, 0.010110139846801758, 0.006100654602050781, 0.01572895050048828, 0.0, 0.01563405990600586, 0.01641845703125, 0.023681163787841797, 0.005814790725708008, 0.01663041114807129, 0.014608144760131836, 0.016397476196289062, 0.030827999114990234, 0.01553034782409668, 0.015721559524536133, 0.016007661819458008, 0.0, 0.015630245208740234, 0.0, 0.0, 0.01573801040649414, 0.0, 0.0, 0.0, 0.01561427116394043, 0.015523195266723633, 0.015740156173706055, 0.0, 0.016210556030273438, 0.0, 0.015735626220703125, 0.015520572662353516, 0.015738964080810547, 0.015616178512573242, 0.015520334243774414, 0.01874685287475586, 0.013113021850585938, 0.015630483627319336, 0.015725135803222656, 0.015526056289672852, 0.01572108268737793, 0.024736642837524414, 0.007105350494384766, 0.015731334686279297, 0.0, 0.0, 0.015634536743164062, 0.0, 0.0, 0.0, 0.015619277954101562, 0.016288042068481445, 0.0, 0.016104459762573242, 0.016682147979736328, 0.010000467300415039, 0.0035376548767089844, 0.01564621925354004, 0.015703916549682617, 0.0, 0.015628337860107422, 0.01643848419189453, 0.01992630958557129, 0.011106252670288086, 0.03136301040649414, 0.015623331069946289, 0.015620946884155273, 0.018178462982177734, 0.013075590133666992, 0.015630483627319336, 0.0, 0.015732526779174805, 0.0, 0.0, 0.015519142150878906, 0.0, 0.0, 0.0, 0.015735864639282227, 0.01551365852355957, 0.017622947692871094, 0.0, 0.014110088348388672, 0.0, 0.01563096046447754, 0.015729904174804688, 0.015621185302734375, 0.015627145767211914, 0.015715599060058594, 0.008493423461914062, 0.030727148056030273, 0.015750408172607422, 0.016906261444091797, 0.015628814697265625, 0.015621662139892578, 0.020342111587524414, 0.015541553497314453, 0.0008149147033691406, 0.014612436294555664, 0.0, 0.0, 0.0, 0.015729427337646484, 0.0, 0.0, 0.0156252384185791, 0.01563405990600586, 0.0071070194244384766, 0.009104490280151367, 0.015737533569335938, 0.0, 0.016295194625854492, 0.015108108520507812, 0.01573491096496582, 0.0, 0.028232336044311523, 0.003606557846069336, 0.0313565731048584, 0.015529394149780273, 0.015722990036010742, 0.01562809944152832, 0.01813364028930664, 0.014136552810668945, 0.015109777450561523, 0.016343355178833008, 0.0, 0.0, 0.015110254287719727, 0.0009918212890625, 0.0, 0.0, 0.0, 0.025394201278686523, 0.013215303421020508, 0.008608818054199219, 0.0, 0.015738248825073242, 0.0, 0.015619993209838867, 0.015522003173828125, 0.015735864639282227, 0.015617609024047852, 0.016213417053222656, 0.015729188919067383, 0.016971111297607422, 0.02352309226989746, 0.003999948501586914, 0.015777111053466797, 0.021611928939819336, 0.025848865509033203, 0.015628576278686523, 0.0, 0.01561117172241211, 0.0, 0.0, 0.0, 0.0156404972076416, 0.0, 0.0, 0.015613079071044922, 0.016216516494750977, 0.0, 0.01573014259338379, 0.01563262939453125, 0.0, 0.015518665313720703, 0.01572871208190918, 0.01562786102294922, 0.015518665313720703, 0.0026121139526367188, 0.013504266738891602, 0.031377553939819336, 0.01560211181640625, 0.01563119888305664, 0.01628398895263672, 0.015224695205688477, 0.016529560089111328, 0.015100955963134766, 0.015733003616333008, 0.0, 0.0, 0.0, 0.0, 0.0, 0.0, 0.0, 0.01624917984008789, 0.015227317810058594, 0.01563405990600586, 0.0, 0.01572704315185547, 0.0, 0.015623092651367188, 0.025377273559570312, 0.013101816177368164, 0.013674259185791016, 0.00911402702331543, 0.015735387802124023, 0.01562643051147461, 0.01563239097595215, 0.015617847442626953, 0.02874302864074707, 0.0031087398529052734, 0.03136086463928223, 0.015631675720214844, 0.0, 0.015620231628417969, 0.0, 0.0, 0.0, 0.015518426895141602, 0.0, 0.0, 0.01883840560913086, 0.013111591339111328, 0.0, 0.01573777198791504, 0.015620946884155273, 0.003393888473510742, 0.012552499771118164, 0.017240285873413086, 0.0, 0.0225832462310791, 0.010283946990966797, 0.016726255416870117, 0.016373872756958008, 0.015744686126708984, 0.03125810623168945, 0.01620793342590332, 0.01574540138244629, 0.015511274337768555, 0.01573348045349121, 0.0, 0.015621662139892578, 0.0, 0.0, 0.01551961898803711, 0.0, 0.0, 0.0, 0.025885820388793945, 0.013001203536987305, 0.002855539321899414, 0.015108108520507812, 0.0, 0.015740394592285156, 0.015623331069946289, 0.0, 0.015599489212036133, 0.016222000122070312, 0.015743255615234375, 0.015616893768310547, 0.03125166893005371, 0.015616178512573242, 0.01823902130126953, 0.02934718132019043, 0.015622377395629883, 0.031246185302734375, 0.01562666893005371, 0.016211509704589844, 0.0, 0.0, 0.01573634147644043, 0.0, 0.0, 0.015635013580322266, 0.0, 0.015612363815307617, 0.015627145767211914, 0.01563096046447754, 0.016223669052124023, 0.015737056732177734, 0.0, 0.0156252384185791, 0.03125166893005371, 0.015621185302734375, 0.015625, 0.016214847564697266, 0.029199600219726562, 0.016814231872558594, 0.015114784240722656, 0.03195977210998535, 0.015740394592285156, 0.03124690055847168, 0.01561427116394043, 0.015633821487426758, 0.01723790168762207, 0.01461935043334961, 0.0, 0.0, 0.015746355056762695, 0.0, 0.0, 0.01561427116394043, 0.015624046325683594, 0.015621185302734375, 0.015632152557373047, 0.016210079193115234, 0.0, 0.022738218307495117, 0.009199857711791992, 0.015738248825073242, 0.01563119888305664, 0.028218984603881836, 0.01935434341430664, 0.015626192092895508, 0.03125143051147461, 0.015626907348632812, 0.03147244453430176, 0.01573944091796875, 0.03174710273742676, 0.012433290481567383, 0.02733778953552246, 0.004607439041137695, 0.015735864639282227, 0.0, 0.0, 0.015631675720214844, 0.0, 0.0, 0.015616416931152344, 0.015635967254638672, 0.015615224838256836, 0.017230987548828125, 0.01663064956665039, 0.008721351623535156, 0.005106210708618164, 0.015735149383544922, 0.015630483627319336, 0.028304338455200195, 0.016161680221557617, 0.017046451568603516, 0.016317367553710938, 0.03136014938354492, 0.029246091842651367, 0.018346071243286133, 0.015520095825195312, 0.01573467254638672, 0.03229331970214844, 0.018208742141723633, 0.013130903244018555, 0.015738725662231445, 0.0, 0.01563096046447754, 0.0, 0.0, 0.0162353515625, 0.0, 0.01633763313293457, 0.026662111282348633, 0.002493619918823242, 0.015655040740966797, 0.014504671096801758, 0.0, 0.03125929832458496, 0.015622615814208984, 0.016628742218017578, 0.015004396438598633, 0.015631437301635742, 0.015624046325683594, 0.03208422660827637, 0.021790027618408203, 0.02856755256652832, 0.013254404067993164, 0.03074812889099121, 0.016162395477294922, 0.015507936477661133, 0.01687169075012207, 0.015105962753295898, 0.0, 0.0, 0.015834331512451172, 0.004495143890380859, 0.0, 0.0, 0.029062271118164062, 0.014851570129394531, 0.015630483627319336, 0.0, 0.015651702880859375, 0.01562190055847168, 0.015725374221801758, 0.01562976837158203, 0.0, 0.02162909507751465, 0.011205911636352539, 0.02460169792175293, 0.017787933349609375, 0.015743494033813477, 0.019021987915039062, 0.012627601623535156, 0.015104532241821289, 0.015630483627319336, 0.016383647918701172, 0.015114307403564453, 0.0, 0.0, 0.0, 0.015735864639282227, 0.0, 0.0, 0.0, 0.026489973068237305, 0.005002737045288086, 0.01574087142944336, 0.0, 0.01655888557434082, 0.014653444290161133, 0.0, 0.015630245208740234, 0.015666961669921875, 0.016233444213867188, 0.01573801040649414, 0.01562809944152832, 0.015623092651367188, 0.015633344650268555, 0.015512228012084961, 0.017726421356201172, 0.014770984649658203, 0.03255629539489746, 0.015083074569702148, 0.008628606796264648, 0.0, 0.0, 0.01561427116394043, 0.0, 0.0, 0.0, 0.01361703872680664, 0.002610921859741211, 0.015738248825073242, 0.02677130699157715, 0.015978574752807617, 0.017653942108154297, 0.009505271911621094, 0.016569852828979492, 0.01300048828125, 0.011993408203125, 0.014893293380737305, 0.015285491943359375, 0.016188859939575195, 0.020819425582885742, 0.017818927764892578, 0.016196250915527344, 0.017302751541137695, 0.015914201736450195, 0.01858043670654297, 0.01578378677368164, 0.009554386138916016, 0.0069997310638427734, 0.0029976367950439453, 0.004686594009399414, 0.003996610641479492, 0.004001140594482422, 0.002485513687133789, 0.0030188560485839844, 0.015115499496459961, 0.012549161911010742, 0.01164555549621582, 0.00799870491027832, 0.010152816772460938, 0.007758378982543945, 0.014643430709838867, 0.013990402221679688, 0.011008262634277344, 0.01579761505126953, 0.015793561935424805, 0.01557302474975586, 0.019847631454467773, 0.016500234603881836, 0.016756296157836914, 0.016833066940307617, 0.01700305938720703, 0.020099163055419922, 0.014155864715576172, 0.010609149932861328, 0.0, 0.0, 0.0, 0.016170024871826172, 0.0, 0.0, 0.0, 0.015611648559570312, 0.015735149383544922, 0.015624523162841797, 0.0, 0.01675128936767578, 0.0, 0.015119075775146484, 0.016504287719726562, 0.015106201171875, 0.015745162963867188, 0.015618324279785156, 0.015518426895141602, 0.017172813415527344, 0.014609813690185547, 0.016474246978759766, 0.015113592147827148, 0.01563096046447754, 0.027998685836791992, 0.0036079883575439453, 0.023083925247192383, 0.0024552345275878906, 0.006108760833740234, 0.0, 0.0, 0.0, 0.0157320499420166, 0.0, 0.015524864196777344, 0.015623807907104492, 0.0, 0.018340349197387695, 0.0, 0.013631343841552734, 0.015638113021850586, 0.015619993209838867, 0.0, 0.029772281646728516, 0.014621257781982422, 0.01744532585144043, 0.01182413101196289, 0.015004396438598633, 0.01573801040649414, 0.027265548706054688, 0.005068778991699219, 0.025533676147460938, 0.005013465881347656, 0.015743732452392578, 0.0, 0.015617847442626953, 0.0, 0.0, 0.0, 0.015627145767211914, 0.0, 0.015623331069946289, 0.015625, 0.010112285614013672, 0.00611424446105957, 0.0, 0.01573634147644043, 0.015628814697265625, 0.015636920928955078, 0.0, 0.015504837036132812, 0.016412019729614258, 0.015843629837036133, 0.030893325805664062, 0.01574397087097168, 0.01562047004699707, 0.016371965408325195, 0.020730018615722656, 0.010603666305541992, 0.015737056732177734, 0.015625, 0.0, 0.0, 0.015619754791259766, 0.0, 0.0, 0.0, 0.0, 0.01563405990600586, 0.01561594009399414, 0.016211986541748047, 0.0, 0.016954421997070312, 0.013347864151000977, 0.014003515243530273, 0.001489400863647461, 0.01759648323059082, 0.016546964645385742, 0.016509532928466797, 0.017217397689819336, 0.0159151554107666, 0.015117406845092773, 0.015732526779174805, 0.01562952995300293, 0.01952385902404785, 0.012102365493774414, 0.01573944091796875, 0.015630245208740234, 0.0, 0.0, 0.015615224838256836, 0.0, 0.0, 0.0, 0.01634812355041504], 'game_times': [0.30785632133483887, 0.3170642852783203, 0.29481005668640137, 0.319561243057251, 0.30991101264953613, 0.31025147438049316, 0.2987942695617676, 0.31356263160705566, 0.3039391040802002, 0.3079092502593994, 0.31292223930358887, 0.29825901985168457, 0.34414005279541016, 0.4106576442718506, 0.4003257751464844, 0.3029325008392334, 0.3140439987182617, 0.30686306953430176, 0.3640632629394531, 0.41566920280456543, 0.38680219650268555, 0.31531476974487305, 0.3038361072540283, 0.3045351505279541, 0.3135190010070801, 0.2994270324707031, 0.31331896781921387, 0.3137354850769043, 0.29746103286743164, 0.31450963020324707, 0.2978057861328125, 0.3114755153656006, 0.3002479076385498, 0.31200695037841797, 0.29881811141967773, 0.31232309341430664, 0.303804874420166, 0.3559281826019287, 0.4077107906341553, 0.40679430961608887, 0.40958094596862793, 0.3958454132080078, 0.32275962829589844, 0.32210803031921387, 0.3374650478363037, 0.3000009059906006, 0.3153221607208252, 0.3086540699005127, 0.299182653427124, 0.3184814453125], 'avg_move_time': 0.012088097466362847, 'avg_game_time': 0.32704623222351076, 'win_rate': 1.0}
2025-04-05 18:07:35,714 - INFO - Starting connect_four experiment: Minimax_noAB vs Minimax_AB (50 games)
2025-04-05 18:07:36,022 - INFO - connect_four - Minimax_noAB vs Minimax_AB Game 0: W:1, D:0, L:0
2025-04-05 18:07:39,754 - INFO - connect_four - Minimax_noAB vs Minimax_AB Game 10: W:11, D:0, L:0
2025-04-05 18:07:42,812 - INFO - connect_four - Minimax_noAB vs Minimax_AB Game 20: W:21, D:0, L:0
2025-04-05 18:07:46,388 - INFO - connect_four - Minimax_noAB vs Minimax_AB Game 30: W:31, D:0, L:0
2025-04-05 18:07:49,475 - INFO - connect_four - Minimax_noAB vs Minimax_AB Game 40: W:41, D:0, L:0
2025-04-05 18:07:52,454 - INFO - connect_four - Minimax_noAB vs Minimax_AB Results: {'wins': 50, 'draws': 0, 'losses': 0, 'move_times': [0.01838970184326172, 0.013260126113891602, 0.011881828308105469, 0.0, 0.016994237899780273, 0.0, 0.02323174476623535, 0.014088869094848633, 0.011018037796020508, 0.0, 0.01624131202697754, 0.015609979629516602, 0.031371355056762695, 0.015612125396728516, 0.015626907348632812, 0.019019365310668945, 0.012613058090209961, 0.015753746032714844, 0.018300294876098633, 0.0, 0.014614343643188477, 0.009007453918457031, 0.0040056705474853516, 0.003887176513671875, 0.0039997100830078125, 0.003000020980834961, 0.0005011558532714844, 0.017785310745239258, 0.0, 0.014766454696655273, 0.015331268310546875, 0.0, 0.01606917381286621, 0.01694345474243164, 0.014115095138549805, 0.0, 0.02285027503967285, 0.009816884994506836, 0.015004158020019531, 0.015630483627319336, 0.015735387802124023, 0.031781911849975586, 0.016007184982299805, 0.015734434127807617, 0.017328500747680664, 0.015004158020019531, 0.0, 0.015687942504882812, 0.0, 0.0, 0.015635967254638672, 0.0, 0.0, 0.0, 0.01654672622680664, 0.015563011169433594, 0.015741586685180664, 0.0, 0.015515327453613281, 0.0, 0.015623331069946289, 0.017962217330932617, 0.019702911376953125, 0.010720014572143555, 0.031134366989135742, 0.015806913375854492, 0.015630006790161133, 0.03654074668884277, 0.021056652069091797, 0.017113208770751953, 0.014603137969970703, 0.03199410438537598, 0.022156953811645508, 0.01031041145324707, 0.0, 0.014611005783081055, 0.0, 0.0, 0.016289472579956055, 0.0, 0.0, 0.03131365776062012, 0.019153833389282227, 0.01250457763671875, 0.0, 0.0157320499420166, 0.01552438735961914, 0.015624046325683594, 0.015625, 0.017232179641723633, 0.014506340026855469, 0.015631914138793945, 0.03303027153015137, 0.014505147933959961, 0.031587839126586914, 0.015740156173706055, 0.031141042709350586, 0.015729665756225586, 0.02833867073059082, 0.02201080322265625, 0.010132312774658203, 0.0, 0.01688981056213379, 0.0049991607666015625, 0.00500035285949707, 0.005495786666870117, 0.0, 0.0, 0.015733003616333008, 0.02002429962158203, 0.011503458023071289, 0.01638936996459961, 0.015106439590454102, 0.0, 0.01563239097595215, 0.0312497615814209, 0.010617494583129883, 0.021239519119262695, 0.016660213470458984, 0.016240835189819336, 0.030135631561279297, 0.01870417594909668, 0.029024600982666016, 0.015512943267822266, 0.0164034366607666, 0.030820608139038086, 0.01600813865661621, 0.015630483627319336, 0.0, 0.015726089477539062, 0.0, 0.0, 0.015525102615356445, 0.0, 0.0, 0.0157318115234375, 0.027164459228515625, 0.005109071731567383, 0.016474246978759766, 0.015880584716796875, 0.012186050415039062, 0.013574600219726562, 0.01993703842163086, 0.017224788665771484, 0.01061701774597168, 0.015631437301635742, 0.031356096267700195, 0.022523164749145508, 0.02001047134399414, 0.021175384521484375, 0.015798091888427734, 0.03125619888305664, 0.0156252384185791, 0.0161285400390625, 0.015503883361816406, 0.015630483627319336, 0.0, 0.0, 0.016881227493286133, 0.0055522918701171875, 0.0032858848571777344, 0.0, 0.023639440536499023, 0.0164947509765625, 0.014505147933959961, 0.0010499954223632812, 0.017796039581298828, 0.013509988784790039, 0.016395092010498047, 0.017158031463623047, 0.014005661010742188, 0.01622486114501953, 0.015740156173706055, 0.015516996383666992, 0.039412736892700195, 0.02064800262451172, 0.012317657470703125, 0.03095269203186035, 0.01576089859008789, 0.015631437301635742, 0.03151726722717285, 0.0, 0.01573491096496582, 0.0, 0.0165252685546875, 0.0, 0.0, 0.0, 0.015109777450561523, 0.015631437301635742, 0.015624284744262695, 0.015507698059082031, 0.015729904174804688, 0.0, 0.01562952995300293, 0.016490697860717773, 0.015119552612304688, 0.015630722045898438, 0.021738529205322266, 0.025634050369262695, 0.015731334686279297, 0.01562190055847168, 0.03742098808288574, 0.018273591995239258, 0.01628422737121582, 0.015625476837158203, 0.036005258560180664, 0.026350736618041992, 0.0050296783447265625, 0.017264604568481445, 0.0, 0.0, 0.014508724212646484, 0.0, 0.0, 0.0, 0.03153705596923828, 0.015631675720214844, 0.016007661819458008, 0.0, 0.015630483627319336, 0.0156252384185791, 0.015624284744262695, 0.019989967346191406, 0.01150369644165039, 0.024117231369018555, 0.007503986358642578, 0.03125572204589844, 0.01610851287841797, 0.03167247772216797, 0.016007184982299805, 0.01573348045349121, 0.03145003318786621, 0.016520977020263672, 0.02531719207763672, 0.011429548263549805, 0.010004758834838867, 0.0, 0.0, 0.015735626220703125, 0.004128694534301758, 0.0, 0.0, 0.027240753173828125, 0.015728235244750977, 0.01614236831665039, 0.0, 0.01550436019897461, 0.016554594039916992, 0.019840002059936523, 0.011301755905151367, 0.014865398406982422, 0.022089719772338867, 0.02337813377380371, 0.021294355392456055, 0.010505199432373047, 0.015630245208740234, 0.029187440872192383, 0.002529621124267578, 0.015740633010864258, 0.031542301177978516, 0.016434192657470703, 0.0, 0.01511240005493164, 0.0, 0.0, 0.0, 0.015630006790161133, 0.0031042098999023438, 0.0, 0.01310873031616211, 0.01573348045349121, 0.0, 0.016272544860839844, 0.01512289047241211, 0.0009644031524658203, 0.016226768493652344, 0.015110969543457031, 0.007611513137817383, 0.008611202239990234, 0.015630483627319336, 0.015624284744262695, 0.032329559326171875, 0.015105724334716797, 0.016007423400878906, 0.016381025314331055, 0.015480995178222656, 0.01715564727783203, 0.018985748291015625, 0.0057070255279541016, 0.0, 0.0, 0.015116453170776367, 0.0, 0.008606910705566406, 0.0, 0.008438825607299805, 0.015105009078979492, 0.0006995201110839844, 0.015714406967163086, 0.01560664176940918, 0.0, 0.016362667083740234, 0.015004634857177734, 0.013061285018920898, 0.003104686737060547, 0.015731096267700195, 0.016182422637939453, 0.015106916427612305, 0.015737295150756836, 0.016305208206176758, 0.01822972297668457, 0.013009786605834961, 0.016376495361328125, 0.015105962753295898, 0.015730619430541992, 0.016447782516479492, 0.0, 0.0164949893951416, 0.0, 0.007107973098754883, 0.0, 0.008108854293823242, 0.0013360977172851562, 0.016197919845581055, 0.0028285980224609375, 0.01250314712524414, 0.01563119888305664, 0.0, 0.01573014259338379, 0.016421079635620117, 0.011601686477661133, 0.003608226776123047, 0.015630483627319336, 0.015731334686279297, 0.01632237434387207, 0.015106916427612305, 0.02936863899230957, 0.013384819030761719, 0.015709400177001953, 0.01550436019897461, 0.01607227325439453, 0.015742778778076172, 0.015623807907104492, 0.0, 0.0, 0.012504339218139648, 0.0035026073455810547, 0.0, 0.0, 0.0, 0.01573491096496582, 0.015619516372680664, 0.015637636184692383, 0.0, 0.01627826690673828, 0.0, 0.015117406845092773, 0.018344640731811523, 0.013612508773803711, 0.015853404998779297, 0.01564645767211914, 0.016113758087158203, 0.015735864639282227, 0.023131132125854492, 0.008503198623657227, 0.01562952995300293, 0.015625476837158203, 0.0156252384185791, 0.025519609451293945, 0.00610804557800293, 0.013109922409057617, 0.0031049251556396484, 0.0, 0.0, 0.0, 0.01562976837158203, 0.0, 0.015729427337646484, 0.0, 0.016682147979736328, 0.014510393142700195, 0.0, 0.016323089599609375, 0.018423795700073242, 0.013585090637207031, 0.011430978775024414, 0.014898300170898438, 0.0007593631744384766, 0.015853166580200195, 0.030924558639526367, 0.01612067222595215, 0.015733957290649414, 0.016347169876098633, 0.01604628562927246, 0.01500391960144043, 0.01573014259338379, 0.015642642974853516, 0.0021152496337890625, 0.0, 0.0, 0.014117002487182617, 0.0, 0.0, 0.0, 0.01574230194091797, 0.018487930297851562, 0.013004064559936523, 0.0, 0.01573467254638672, 0.0, 0.023234844207763672, 0.00929403305053711, 0.015809059143066406, 0.015003681182861328, 0.0157318115234375, 0.015627384185791016, 0.01638174057006836, 0.017049789428710938, 0.014110326766967773, 0.01573634147644043, 0.015523910522460938, 0.01572704315185547, 0.01562976837158203, 0.01868438720703125, 0.0, 0.012611627578735352, 0.0, 0.0, 0.0, 0.01677989959716797, 0.0, 0.015766143798828125, 0.015341520309448242, 0.011003255844116211, 0.0015091896057128906, 0.015506267547607422, 0.0014712810516357422, 0.014505386352539062, 0.015630006790161133, 0.015729188919067383, 0.0, 0.015623331069946289, 0.015627384185791016, 0.03325605392456055, 0.014003276824951172, 0.01573348045349121, 0.016550779342651367, 0.015106916427612305, 0.012330055236816406, 0.016405105590820312, 0.016890287399291992, 0.0, 0.0, 0.016167402267456055, 0.0, 0.0, 0.0, 0.0, 0.015608787536621094, 0.01573657989501953, 0.015520095825195312, 0.0, 0.015729904174804688, 0.014605283737182617, 0.0016148090362548828, 0.015633583068847656, 0.01573777198791504, 0.01622319221496582, 0.016124963760375977, 0.0156097412109375, 0.019245624542236328, 0.012503385543823242, 0.01562976837158203, 0.01572561264038086, 0.015629291534423828, 0.016892433166503906, 0.02768874168395996, 0.0025844573974609375, 0.0, 0.015622138977050781, 0.0, 0.0, 0.0, 0.015624523162841797, 0.0, 0.015625, 0.015730857849121094, 0.0, 0.015625715255737305, 0.0, 0.016007184982299805, 0.015731334686279297, 0.022207975387573242, 0.009238958358764648, 0.015736818313598633, 0.015628576278686523, 0.015625, 0.016232728958129883, 0.01573777198791504, 0.015623807907104492, 0.01562047004699707, 0.01634502410888672, 0.015107870101928711, 0.016171932220458984, 0.01573657989501953, 0.0, 0.0, 0.015626192092895508, 0.0, 0.0, 0.0, 0.0, 0.015517711639404297, 0.015729665756225586, 0.015520811080932617, 0.0, 0.016626596450805664, 0.0, 0.015003442764282227, 0.015630006790161133, 0.01572561264038086, 0.015627384185791016, 0.015628576278686523, 0.01627802848815918, 0.016635656356811523, 0.02477288246154785, 0.0027022361755371094, 0.030755281448364258, 0.015612363815307617, 0.016524314880371094, 0.015004396438598633, 0.0, 0.015735387802124023, 0.0, 0.0, 0.0, 0.015622615814208984, 0.0, 0.0, 0.01562666893005371, 0.015521526336669922, 0.015623092651367188, 0.007004976272583008, 0.009003877639770508, 0.0, 0.02255392074584961, 0.009110689163208008, 0.01654052734375, 0.015108585357666016, 0.015631914138793945, 0.016008377075195312, 0.015629291534423828, 0.015625953674316406, 0.015623807907104492, 0.01563572883605957, 0.01571822166442871, 0.01802682876586914, 0.013503789901733398, 0.015630483627319336, 0.0, 0.01562643051147461, 0.0, 0.0, 0.0, 0.015622854232788086, 0.0, 0.01612997055053711, 0.016103029251098633, 0.007530689239501953, 0.008532047271728516, 0.0, 0.016913890838623047, 0.018644332885742188, 0.013512372970581055, 0.006560325622558594, 0.005002021789550781, 0.015629053115844727, 0.015504598617553711, 0.03125572204589844, 0.01562356948852539, 0.015625953674316406, 0.008518695831298828, 0.01574540138244629, 0.031891822814941406, 0.0016677379608154297, 0.015625476837158203, 0.0, 0.01572585105895996, 0.0, 0.0, 0.0, 0.015633106231689453, 0.0, 0.015624761581420898, 0.015622615814208984, 0.002002716064453125, 0.016039609909057617, 0.0, 0.017706871032714844, 0.012614250183105469, 0.016503095626831055, 0.0, 0.015706300735473633, 0.021721363067626953, 0.010117769241333008, 0.01574254035949707, 0.0162203311920166, 0.016264677047729492, 0.030956268310546875, 0.010901212692260742, 0.02073192596435547, 0.015639543533325195, 0.0, 0.015519142150878906, 0.0, 0.0, 0.0, 0.017611026763916016, 0.0030045509338378906, 0.0019953250885009766, 0.010007143020629883, 0.01849055290222168, 0.010999917984008789, 0.003531217575073242, 0.015288829803466797, 0.0, 0.015111923217773438, 0.01832723617553711, 0.013506174087524414, 0.01582646369934082, 0.016010761260986328, 0.015633106231689453, 0.01588892936706543, 0.03125786781311035, 0.019421815872192383, 0.01254129409790039, 0.0157015323638916, 0.01555776596069336, 0.015722990036010742, 0.015626192092895508, 0.0, 0.0, 0.0155487060546875, 0.0, 0.0, 0.0, 0.015671730041503906, 0.015631437301635742, 0.0, 0.015623807907104492, 0.015624523162841797, 0.0, 0.015625953674316406, 0.015624761581420898, 0.015624761581420898, 0.016007184982299805, 0.01583409309387207, 0.015665292739868164, 0.01583576202392578, 0.01563096046447754, 0.01963210105895996, 0.022570371627807617, 0.0026137828826904297, 0.031137466430664062, 0.015625, 0.015625715255737305, 0.015177249908447266, 0.007264137268066406, 0.0, 0.008760452270507812, 0.0033948421478271484, 0.0, 0.0, 0.0, 0.012505054473876953, 0.015631675720214844, 0.015624761581420898, 0.015623807907104492, 0.0, 0.015625476837158203, 0.016112327575683594, 0.015630006790161133, 0.0, 0.01617288589477539, 0.015627622604370117, 0.01551508903503418, 0.03175520896911621, 0.015624046325683594, 0.01579451560974121, 0.015742063522338867, 0.015622854232788086, 0.015622138977050781, 0.021739721298217773, 0.010104656219482422, 0.0, 0.0, 0.0, 0.019626379013061523, 0.0032372474670410156, 0.0033571720123291016, 0.0, 0.005506038665771484, 0.031256675720214844, 0.0, 0.015624046325683594, 0.016116619110107422, 0.0, 0.03390836715698242, 0.012642860412597656, 0.016550779342651367, 0.015865802764892578, 0.017222881317138672, 0.03171849250793457, 0.015735864639282227, 0.03125166893005371, 0.02057480812072754, 0.011003494262695312, 0.031255483627319336, 0.025365352630615234, 0.006030082702636719, 0.026444435119628906, 0.005059242248535156, 0.0, 0.0, 0.015734434127807617, 0.0, 0.0, 0.01620197296142578, 0.015223979949951172, 0.015630722045898438, 0.0157318115234375, 0.016742467880249023, 0.0, 0.015105962753295898, 0.015732765197753906, 0.015627145767211914, 0.01562356948852539, 0.03125190734863281, 0.01622462272644043, 0.015728473663330078, 0.03528118133544922, 0.02115178108215332, 0.01884627342224121, 0.013109683990478516, 0.03136253356933594, 0.02568793296813965, 0.012527227401733398, 0.02069711685180664, 0.004504203796386719, 0.00763392448425293, 0.009189605712890625, 0.0037627220153808594, 0.0, 0.0, 0.010504722595214844, 0.0220944881439209, 0.015387773513793945, 0.016349077224731445, 0.010032415390014648, 0.0, 0.01550602912902832, 0.015631914138793945, 0.021013975143432617, 0.010503530502319336, 0.01566767692565918, 0.03190112113952637, 0.015735149383544922, 0.031249284744262695, 0.015625476837158203, 0.025233983993530273, 0.022342681884765625, 0.015616655349731445, 0.01562643051147461, 0.03393244743347168, 0.012525558471679688, 0.0, 0.013604879379272461, 0.0, 0.0, 0.015736103057861328, 0.0, 0.0, 0.015625953674316406, 0.015629053115844727, 0.015619516372680664, 0.015622377395629883, 0.01897907257080078, 0.01315760612487793, 0.018899917602539062, 0.013809442520141602, 0.015102386474609375, 0.01563119888305664, 0.016220569610595703, 0.0313568115234375, 0.015624284744262695, 0.03125190734863281, 0.018730878829956055, 0.013104438781738281, 0.031355857849121094, 0.015630722045898438, 0.015627384185791016, 0.02473926544189453, 0.007106304168701172, 0.0, 0.0, 0.015730619430541992, 0.0, 0.0, 0.0, 0.03125119209289551, 0.010467052459716797, 0.01606440544128418, 0.016892671585083008, 0.0026116371154785156, 0.0224912166595459, 0.0206296443939209, 0.003469228744506836, 0.0157320499420166, 0.03124523162841797, 0.01621532440185547, 0.015726566314697266, 0.03126358985900879, 0.015613317489624023, 0.027754545211791992, 0.019839763641357422, 0.015628814697265625, 0.03125309944152832, 0.015626192092895508, 0.015631914138793945, 0.0021102428436279297, 0.0, 0.01410984992980957, 0.0, 0.0, 0.015741348266601562, 0.0, 0.015613794326782227, 0.015635967254638672, 0.01561880111694336, 0.015522003173828125, 0.01601862907409668, 0.0, 0.016357421875, 0.015006065368652344, 0.01563096046447754, 0.015625, 0.01572704315185547, 0.01621389389038086, 0.015736103057861328, 0.027823448181152344, 0.016746044158935547, 0.015102148056030273, 0.015744447708129883, 0.01600813865661621, 0.015628814697265625, 0.0, 0.015625476837158203, 0.0, 0.0, 0.0156252384185791, 0.0, 0.0, 0.0, 0.015625476837158203, 0.017313003540039062, 0.014216184616088867, 0.0, 0.016907215118408203, 0.0, 0.015386343002319336, 0.015110015869140625, 0.015630245208740234, 0.015724897384643555, 0.01824331283569336, 0.013613224029541016, 0.020632505416870117, 0.011111021041870117, 0.016521453857421875, 0.015112161636352539, 0.023248672485351562, 0.008503198623657227, 0.0157318115234375, 0.01562190055847168, 0.0, 0.0, 0.01635146141052246, 0.0, 0.0, 0.0, 0.015105724334716797, 0.015740156173706055, 0.0, 0.01622629165649414, 0.01573467254638672, 0.0, 0.015626192092895508, 0.01566147804260254, 0.0, 0.016604185104370117, 0.02295064926147461, 0.010614395141601562, 0.01062917709350586, 0.015764951705932617, 0.015614032745361328, 0.031256675720214844, 0.015636205673217773, 0.01576519012451172, 0.01651906967163086, 0.015139579772949219, 0.0, 0.015763282775878906, 0.0, 0.0, 0.015630006790161133, 0.0, 0.0, 0.0, 0.01562666893005371, 0.0172421932220459, 0.014129161834716797, 0.0, 0.015759706497192383, 0.0, 0.015990734100341797, 0.015767335891723633, 0.019478797912597656, 0.012407541275024414, 0.01576519012451172, 0.01575303077697754, 0.015641450881958008, 0.02117156982421875, 0.016165971755981445, 0.016715049743652344, 0.0162813663482666, 0.015753984451293945, 0.015616655349731445, 0.0, 0.01562976837158203, 0.0, 0.0, 0.015625, 0.0, 0.0, 0.0, 0.025615453720092773, 0.011522293090820312, 0.0, 0.015166521072387695, 0.0, 0.0157620906829834, 0.015624284744262695, 0.015621423721313477, 0.0, 0.028249740600585938, 0.0031256675720214844, 0.0157620906829834, 0.031179428100585938, 0.015811920166015625, 0.01576709747314453, 0.01876235008239746, 0.012636423110961914, 0.015759706497192383, 0.01562786102294922, 0.015627145767211914, 0.0, 0.0, 0.015618085861206055, 0.0, 0.0, 0.0, 0.0, 0.024767398834228516, 0.00662541389465332, 0.015752792358398438, 0.015642404556274414, 0.0, 0.015618324279785156, 0.015618562698364258, 0.0, 0.01563405990600586, 0.01563262939453125, 0.015759944915771484, 0.01562976837158203, 0.015616178512573242, 0.01564168930053711, 0.01560831069946289, 0.03139853477478027, 0.0, 0.03455185890197754, 0.014415979385375977, 0.0, 0.01574087142944336, 0.0, 0.0, 0.0, 0.015621662139892578, 0.0, 0.0, 0.015767812728881836, 0.015767812728881836, 0.0, 0.015613317489624023, 0.015645265579223633, 0.0, 0.015604734420776367, 0.015627384185791016, 0.015636920928955078, 0.0011324882507324219, 0.014630556106567383, 0.01575636863708496, 0.03133368492126465, 0.01553797721862793, 0.0156400203704834, 0.016221284866333008, 0.015763044357299805, 0.015610456466674805, 0.015639543533325195, 0.01562190055847168, 0.0, 0.0, 0.01562666893005371, 0.0, 0.0, 0.0, 0.013632774353027344, 0.0021343231201171875, 0.015764474868774414, 0.015621423721313477, 0.0, 0.01564502716064453, 0.015606880187988281, 0.015622377395629883, 0.0, 0.019765615463256836, 0.011639118194580078, 0.01576995849609375, 0.017275333404541016, 0.025444746017456055, 0.0030057430267333984, 0.02739858627319336, 0.019897937774658203, 0.01562666893005371, 0.015767574310302734, 0.015783309936523438, 0.006069183349609375, 0.010015726089477539, 0.006641387939453125, 0.0, 0.0, 0.010532617568969727, 0.0, 0.006485462188720703, 0.008136749267578125, 0.015766143798828125, 0.015626192092895508, 0.0, 0.015627622604370117, 0.0, 0.015625, 0.01562047004699707, 0.015783071517944336, 0.01576828956604004, 0.015619754791259766, 0.017061948776245117, 0.0156557559967041, 0.01678156852722168, 0.016558170318603516, 0.015766382217407227, 0.015608549118041992, 0.015625, 0.015634536743164062, 0.015611648559570312, 0.0, 0.0, 0.0, 0.016753196716308594, 0.0, 0.0, 0.0, 0.014640331268310547, 0.015757322311401367, 0.015637874603271484, 0.0, 0.015619754791259766, 0.0, 0.029478788375854492, 0.012821435928344727, 0.0007953643798828125, 0.015123367309570312, 0.015762805938720703, 0.015624523162841797, 0.015620946884155273, 0.015623331069946289, 0.03139185905456543, 0.015764951705932617, 0.015783309936523438, 0.01575922966003418, 0.015623092651367188, 0.0, 0.01562952995300293, 0.00813746452331543, 0.0, 0.007627248764038086, 0.0, 0.0, 0.0, 0.015752792358398438, 0.015641450881958008, 0.015699148178100586, 0.0, 0.016638517379760742, 0.0, 0.015128374099731445, 0.01575493812561035, 0.015765905380249023, 0.015615701675415039, 0.015622138977050781, 0.01562952995300293, 0.015623092651367188, 0.019758224487304688, 0.011630058288574219, 0.015766143798828125, 0.015616178512573242, 0.015630722045898438, 0.015618324279785156, 0.015628814697265625, 0.010628700256347656, 0.006659030914306641, 0.005068540573120117, 0.0036382675170898438, 0.004469633102416992, 0.002129793167114258, 0.003006458282470703, 0.011586666107177734, 0.015634536743164062, 0.0, 0.015772581100463867, 0.0, 0.015608549118041992, 0.01678466796875, 0.014632940292358398, 0.0, 0.015757083892822266, 0.015623331069946289, 0.015631437301635742, 0.031249046325683594, 0.015769481658935547, 0.015758752822875977, 0.015630245208740234, 0.015623092651367188, 0.022779464721679688, 0.008752107620239258, 0.01578235626220703, 0.0, 0.0, 0.0, 0.015773296356201172, 0.0, 0.0, 0.0, 0.015610218048095703, 0.01562786102294922, 0.015626192092895508, 0.0, 0.015622377395629883, 0.015620231628417969, 0.004144906997680664, 0.011629581451416016, 0.015755414962768555, 0.015636920928955078, 0.015617847442626953, 0.015625715255737305, 0.026254653930664062, 0.005128145217895508, 0.032515525817871094, 0.016913652420043945, 0.013295412063598633, 0.015761375427246094, 0.01676201820373535, 0.0, 0.014636993408203125, 0.0, 0.0, 0.015764951705932617, 0.0, 0.0, 0.0, 0.0156252384185791, 0.015622138977050781, 0.015629291534423828, 0.0, 0.01983046531677246, 0.006304502487182617, 0.005640983581542969, 0.015758514404296875, 0.015631437301635742, 0.011350393295288086, 0.016496896743774414, 0.016727924346923828, 0.01622748374938965, 0.015565156936645508, 0.01575636863708496, 0.015627622604370117, 0.015623807907104492, 0.031245946884155273, 0.015776634216308594, 0.0, 0.01578235626220703, 0.0, 0.0, 0.0, 0.015600442886352539, 0.0, 0.0, 0.015630722045898438, 0.015623092651367188, 0.0, 0.015624761581420898, 0.015800952911376953, 0.0, 0.015756607055664062, 0.015634775161743164, 0.015627384185791016, 0.015656709671020508, 0.0010004043579101562, 0.03229951858520508, 0.015750408172607422, 0.018185853958129883, 0.01363372802734375, 0.015761137008666992, 0.015628337860107422, 0.020769357681274414, 0.0106353759765625, 0.01576972007751465, 0.0, 0.0, 0.015618085861206055, 0.0, 0.0, 0.0, 0.0, 0.015628337860107422, 0.0, 0.015619754791259766, 0.015772581100463867, 0.0, 0.015767812728881836, 0.01562666893005371, 0.0, 0.015624523162841797, 0.015646696090698242, 0.015596866607666016, 0.017278432846069336, 0.014139175415039062, 0.01576542854309082, 0.031259775161743164, 0.015617847442626953, 0.015639781951904297, 0.015823841094970703, 0.01576709747314453, 0.0, 0.015631437301635742, 0.0, 0.0, 0.015627384185791016, 0.0, 0.0, 0.0, 0.015617132186889648, 0.01689600944519043, 0.016559123992919922, 0.008002758026123047, 0.0042057037353515625, 0.0, 0.015749216079711914, 0.015630245208740234, 0.015621662139892578, 0.01564168930053711, 0.0156097412109375, 0.015799760818481445, 0.01576066017150879, 0.015627145767211914, 0.02440333366394043, 0.007241249084472656, 0.02689194679260254, 0.0204010009765625, 0.015622615814208984, 0.01563549041748047, 0.0, 0.01561880111694336, 0.0, 0.0, 0.015625, 0.0, 0.0, 0.017264366149902344, 0.014138221740722656, 0.01576089859008789, 0.015627384185791016, 0.01561880111694336, 0.01563262939453125, 0.015624761581420898, 0.01576709747314453, 0.01576685905456543, 0.015625715255737305, 0.015618324279785156, 0.03125357627868652, 0.015756845474243164, 0.03259706497192383, 0.014474868774414062, 0.015749216079711914, 0.031253814697265625, 0.015763044357299805, 0.015764951705932617, 0.022544384002685547, 0.0, 0.015831470489501953, 0.0, 0.0, 0.016955852508544922, 0.0, 0.0, 0.018610000610351562, 0.013637304306030273, 0.0157623291015625, 0.015627622604370117, 0.015618562698364258, 0.0, 0.015628576278686523, 0.03140616416931152, 0.0, 0.031385183334350586, 0.0156252384185791, 0.0156252384185791, 0.03077554702758789, 0.015761137008666992, 0.0312497615814209, 0.01562809944152832, 0.01562047004699707, 0.03138303756713867, 0.015766620635986328, 0.016618967056274414, 0.01158595085144043, 0.004996538162231445, 0.004456281661987305, 0.0, 0.0, 0.0, 0.01575756072998047], 'game_times': [0.3080282211303711, 0.30122804641723633, 0.374622106552124, 0.40744900703430176, 0.393887996673584, 0.40025806427001953, 0.39670777320861816, 0.3908529281616211, 0.39853549003601074, 0.3593559265136719, 0.30933260917663574, 0.3016700744628906, 0.2947261333465576, 0.31568121910095215, 0.2959773540496826, 0.3159046173095703, 0.2941563129425049, 0.3152906894683838, 0.2993597984313965, 0.3106529712677002, 0.3143775463104248, 0.3073756694793701, 0.3092505931854248, 0.3256721496582031, 0.3145296573638916, 0.3222947120666504, 0.40106940269470215, 0.40288233757019043, 0.39131665229797363, 0.39455556869506836, 0.40736889839172363, 0.3270094394683838, 0.31570982933044434, 0.2968761920928955, 0.3065211772918701, 0.3032395839691162, 0.3152763843536377, 0.3118100166320801, 0.3075134754180908, 0.2946300506591797, 0.30822253227233887, 0.31812047958374023, 0.29414963722229004, 0.3135499954223633, 0.31182360649108887, 0.30040693283081055, 0.2978334426879883, 0.32816028594970703, 0.4003901481628418, 0.3985261917114258], 'avg_move_time': 0.012386721681665491, 'avg_game_time': 0.334482798576355, 'win_rate': 1.0}
2025-04-05 18:07:53,458 - INFO - Experiment completed successfully
